TDS,E.C,Na,Cl,T.H,HCO3,Mg,SAR,NO3,Ca,Classification
476.8,745,49.0,60,279.9342105,220.0,38.896,1.273327902,42.27681818,48.0,Moderate
589.44,921,42.0,80,399.8930921,230.0,63.206,0.913165517,100.6590909,56.0,Poor
326.4,510,45.0,30,219.9342105,200.0,38.896,1.319283964,41.47154545,24.0,Moderate
270.08,422,27.0,10,159.9671053,160.0,19.448,0.928155164,10.66986364,32.0,Moderate
1485.44,2321,298.0,340,519.84375,300.0,92.378,5.682664477,128.8436364,56.0,Bad
659.2,1030,73.0,60,339.9424342,340.0,34.034,1.72144176,66.435,80.0,Poor
1362.56,2129,162.0,330,739.7861842,340.0,126.412,2.589608252,193.2654545,88.0,Poor
628.48,982,85.0,40,299.9259868,210.0,43.758,2.133949028,144.9490909,48.0,Poor
1548.8,2420,321.0,290,519.8355263,420.0,97.24,6.121307804,134.8831818,48.0,Bad
160.0,250,10.20021285,30,99.98355263,57.63929176,9.724,0.443523991,24.3595,24.0,Moderate
1177.6,1840,150.3975766,380,599.8190789,207.8719019,106.964,2.669948378,159.444,64.0,Poor
992.0,1550,190.9923317,140,359.8766447,547.1956631,72.93,4.377349903,11.29395,24.0,Poor
889.6,1390,161.8440782,170,339.8848684,299.9504311,68.068,3.816832154,70.864,24.0,Poor
1612.8,2520,235.1246184,280,739.7203947,240.9818024,165.308,3.758689678,735.214,24.0,Bad
556.16,869,72.64980488,90,279.9259868,249.5312086,43.758,1.887926173,7.9722,40.0,Poor
500.48,782,22.59306207,60,259.9506579,114.2435835,29.172,0.609258784,219.2355,56.0,Poor
1843.2,2880,326.4744644,480,719.7368421,500.1277753,155.584,5.290960448,210.3775,32.0,Bad
313.6,490,29.8891904,40,159.9671053,177.4579446,19.448,1.027474311,0.4429,32.0,Moderate
646.4,1010,81.68477438,110,319.9424342,248.2682761,34.034,1.985534124,95.2235,72.0,Poor
294.4,460,39.99707701,30,99.99177632,142.3407799,4.862,1.739074858,0.8858,32.0,Moderate
691.84,1081,85.27975782,160,339.9259868,153.5363021,43.758,2.011064218,141.728,64.0,Poor
1331.2,2080,68.17983978,360,899.7532895,208.1390606,145.86,0.98824908,335.2753,120.0,Poor
825.6,1290,193.8426385,130,219.9506579,352.8490341,29.172,5.682753839,57.35555,40.0,Poor
634.24,991,73.11603375,110,339.9342105,242.0656571,38.896,1.724198853,18.136755,72.0,Poor
269.44,421,27.0,20,139.9671053,110.0,19.448,0.992254181,3.422409091,24.0,Moderate
258.56,404,16.0,40,159.9588816,110.0,24.31,0.550032013,22.145,24.0,Moderate
235.52,368,22.0,30,139.9753289,110.0,14.586,0.808479657,29.99640909,32.0,Moderate
929.28,1452,156.0,190,379.8930921,260.0,63.206,3.479894391,121.3948636,48.0,Poor
524.16,819,33.18059628,60,339.9671053,274.9990597,19.448,0.782416322,37.42505,104.0,Poor
735.36,1149,164.4849717,220,219.9835526,215.6713142,9.724,4.821734384,22.167145,72.0,Poor
764.16,1194,101.9418385,110,359.9506579,366.7292285,29.172,2.336162993,58.68425,96.0,Poor
924.8,1445,94.40207972,170,519.9506579,398.6932882,29.172,1.800000642,52.7051,160.0,Poor
498.56,779,57.11590859,60,239.9588816,275.0978692,24.31,1.603100831,10.164555,56.0,Poor
882.56,1379,80.16061447,160,519.9588816,316.4927306,24.31,1.528441078,118.6972,168.0,Poor
787.84,1231,105.3718166,120,379.9259868,346.3307385,43.758,2.35042897,38.31085,80.0,Poor
536.96,839,78.69718452,90,239.9671053,227.687161,19.448,2.20879547,52.04075,64.0,Poor
1425.28,2227,282.0,520,539.8684211,140.0,77.792,5.276881116,39.45836364,88.0,Poor
496.64,776,85.0,150,259.9177632,100.0,48.62,2.292308735,63.21390909,24.0,Poor
729.6,1140,135.0,110,259.9342105,190.0,38.896,3.640610452,77.30618182,40.0,Poor
399.36,624,92.0,100,139.9671053,100.0,19.448,3.381014248,45.09527273,24.0,Moderate
657.28,1027,107.0,140,299.9424342,180.0,34.034,2.686191595,41.67286364,64.0,Poor
360.96,564,70.0,50,179.9671053,140.0,19.448,2.268682068,5.234272727,40.0,Moderate
693.12,1083,30.0,170,539.8355263,190.0,97.24,0.561387435,62.40863636,56.0,Poor
622.72,973,165.0,100,120.0,200.0,5.0,6.548856666,62.81127273,48.0,Poor
933.12,1458,202.0,240,399.9177632,380.0,48.62,4.391755826,18.31995455,80.0,Poor
789.76,1234,165.0,140,199.9424342,310.0,34.034,5.073452757,22.74895455,24.0,Poor
809.6,1265,200.0,120,219.9342105,310.0,38.896,5.863484282,46.5045,24.0,Poor
474.88,742,52.0,120,279.9506579,90.0,29.172,1.351247058,43.68604545,64.0,Moderate
695.68,1087,112.0,150,299.9342105,140.0,38.896,2.811753112,82.54045455,56.0,Poor
676.48,1057,114.0,150,379.9013158,200.0,58.344,2.542972223,62.81127273,56.0,Poor
352.0,550,61.0,30,159.9506579,160.0,29.172,2.097050957,24.76213636,16.0,Moderate
1064.96,1664,188.0,230,439.9013158,230.0,58.344,3.897197208,177.16,80.0,Poor
590.72,923,114.0,110,259.9424342,210.0,34.034,3.07424464,72.87718182,48.0,Poor
673.92,1053,133.0,110,259.9424342,220.0,34.034,3.586618747,46.30318182,48.0,Poor
196.48,307,42.0,20,99.96710526,130.0,19.448,1.826387374,5.435590909,8.0,Moderate
819.2,1280,136.0,150,359.9095395,270.0,53.482,3.116839172,43.08209091,56.0,Poor
1188.48,1857,214.0,340,459.8930921,260.0,63.206,4.338678745,26.574,80.0,Poor
2105.6,3290,714.8001947,720,99.99177632,430.7977641,4.862,31.0795473,1.06296,32.0,Bad
1280.0,2000,92.84248259,340,799.7286184,356.3603859,160.446,1.427406237,149.92165,56.0,Poor
1356.8,2120,196.2029156,390,639.8519737,382.9369833,87.516,3.372390552,21.812825,112.0,Poor
1849.6,2890,218.734442,600,979.7203947,414.942978,165.308,3.038353229,68.2066,120.0,Bad
834.56,1304,44.22634977,190,559.9588816,275.9653557,24.31,0.812596957,77.9504,184.0,Poor
1779.2,2780,568.3305615,370,159.9588816,664.1472968,24.31,19.53750018,134.6416,24.0,Bad
810.24,1266,100.0220632,180,419.9342105,193.934322,38.896,2.122156188,183.13915,104.0,Poor
373.12,583,24.83216741,30,239.9588816,198.3671489,24.31,0.696976888,46.5045,56.0,Moderate
1055.36,1649,106.2358424,260,599.8026316,300.5375921,116.688,1.885988528,153.90775,48.0,Poor
2163.2,3380,589.2740193,570,359.8848684,575.9846386,68.068,13.50540662,154.5721,32.0,Bad
2086.4,3260,409.5295499,550,739.7779605,553.2378092,131.274,6.546462941,126.00505,80.0,Bad
1078.4,1685,279.7578626,80,239.9424342,489.7614248,34.034,7.852373252,108.5105,40.0,Poor
965.76,1509,87.94870116,200,559.8930921,368.4292466,63.206,1.616028589,92.5661,120.0,Poor
590.72,923,75.48433963,50,299.9342105,300.8101093,38.896,1.895029704,65.1063,56.0,Poor
677.76,1059,33.46075998,150,459.8930921,235.1172326,63.206,0.678390131,80.38635,80.0,Poor
835.2,1305,79.92125619,220,479.9506579,249.0475642,29.172,1.586120469,77.5075,144.0,Poor
758.4,1185,107.3902156,170,359.9424342,272.8950739,34.034,2.461049525,70.4211,88.0,Poor
627.2,980,70.54645356,50,339.9013158,391.4417759,58.344,1.663684335,12.246185,40.0,Poor
630.4,985,80.46929257,70,319.9342105,333.3975339,38.896,1.956014214,52.97084,64.0,Poor
2297.6,3590,409.1738344,720,679.8355263,552.000145,97.24,6.823042712,143.9425,112.0,Bad
399.36,624,42.2707476,60,219.9917763,189.9100716,4.862,1.239107169,34.5462,80.0,Moderate
598.4,935,77.92151393,80,299.9671053,306.5545796,19.448,1.956107552,33.88185,88.0,Poor
779.52,1218,106.1481337,100,379.9342105,380.2096233,38.896,2.367719913,81.9365,88.0,Poor
334.08,522,19.47194868,30,219.9753289,205.3209584,14.586,0.570813969,5.602685,64.0,Moderate
437.76,684,45.93396045,40,239.9753289,231.7319922,14.586,1.289207307,50.9335,72.0,Moderate
601.6,940,51.24898723,80,359.9259868,328.9507106,43.758,1.174494127,17.250955,72.0,Poor
563.84,881,65.56554923,40,299.9671053,353.1889565,19.448,1.645928827,14.460685,88.0,Poor
408.96,639,37.77247864,50,239.9671053,225.4979664,19.448,1.060160922,15.169325,64.0,Moderate
438.4,685,47.25617918,20,239.9588816,293.493258,24.31,1.326362864,8.63655,56.0,Moderate
613.76,959,65.10218026,100,339.9424342,300.531409,34.034,1.535200161,39.19665,80.0,Poor
384.0,600,27.65815402,60,239.9835526,171.8470359,9.724,0.776255367,35.432,80.0,Moderate
652.8,1020,52.25441718,100,399.9177632,254.9079567,48.62,1.136082382,106.7389,80.0,Poor
283.52,443,57.0,20,119.9671053,160.0,19.448,2.262642445,31.003,16.0,Moderate
462.08,722,89.0,70,199.9506579,220.0,29.172,2.736533392,31.40563636,32.0,Moderate
426.24,666,75.0,50,179.9506579,180.0,29.172,2.430841869,45.49790909,24.0,Moderate
558.08,872,114.0,80,219.9424342,170.0,34.034,3.342123558,142.3319545,32.0,Poor
225.28,352,44.0,20,99.97532895,120.0,14.586,1.913279506,20.73577273,16.0,Moderate
1555.2,2430,129.4793928,400,939.6628289,416.512779,199.342,1.8364825,221.45,48.0,Bad
648.96,1014,100.3156578,190,279.9259868,162.1474986,43.758,2.606869437,62.006,40.0,Poor
601.6,940,84.85990054,120,279.9917763,171.8690718,4.862,2.204966748,86.3655,104.0,Poor
1619.2,2530,168.6257531,380,899.8190789,474.2730924,106.964,2.444097167,243.595,184.0,Bad
698.88,1092,94.36825248,80,339.9177632,405.2368415,48.62,2.225415695,12.4012,56.0,Poor
918.4,1435,125.7870809,150,439.84375,420.2476493,92.378,2.607708184,66.435,24.0,Poor
704.0,1100,60.61068885,130,419.9013158,293.9329627,58.344,1.286020128,57.577,72.0,Poor
659.2,1030,35.72279257,130,439.9342105,231.7532008,38.896,0.740497673,93.009,112.0,Poor
675.2,1055,48.39248297,90,419.9013158,287.2857324,58.344,1.026777757,110.725,72.0,Poor
444.8,695,40.70985836,70,259.9177632,211.7210458,48.62,1.097877222,27.4598,24.0,Moderate
1091.2,1705,164.0807686,220,499.8519737,470.8198856,87.516,3.190870214,35.432,56.0,Poor
1104.0,1725,102.3019911,190,639.7779605,517.0686891,131.274,1.758496923,53.148,40.0,Poor
903.68,1412,115.8534108,160,459.9259868,232.708683,43.758,2.348751193,263.5255,112.0,Poor
590.08,922,103.5167455,130,239.9342105,174.4241532,38.896,2.905605748,95.2235,32.0,Poor
618.88,967,22.00807446,20,439.8519737,388.2618294,87.516,0.456247963,64.2205,32.0,Poor
822.4,1285,200.0,70,239.9259868,420.0,43.758,5.613885037,28.98981818,24.0,Poor
391.68,612,74.0,40,159.9588816,160.0,24.31,2.543898061,53.34931818,24.0,Moderate
449.28,702,84.0,40,179.9753289,230.0,14.586,2.722356283,54.55722727,48.0,Moderate
351.36,549,51.0,30,179.9506579,200.0,29.172,1.652972471,25.36609091,24.0,Moderate
434.56,679,68.0,40,199.9424342,240.0,34.034,2.0908775,21.74236364,24.0,Moderate
431.36,674,55.0,30,239.9259868,290.0,43.758,1.543818385,16.30677273,32.0,Moderate
1181.44,1846,249.0,260,379.9013158,280.0,58.344,5.554386698,82.54045455,56.0,Poor
829.44,1296,141.0,30,379.8848684,510.0,68.068,3.145323206,6.844818182,40.0,Poor
726.4,1135,92.0,70,359.8930921,300.0,63.206,2.108498207,64.42181818,40.0,Poor
775.68,1212,59.0,90,479.8601974,230.0,82.654,1.171026738,68.44818182,56.0,Poor
701.44,1096,103.0,50,319.8848684,200.0,68.068,2.503874402,70.46136364,16.0,Poor
1213.44,1896,306.0,260,259.9259868,310.0,43.758,8.252180899,82.54045455,32.0,Poor
135.68,212,22.0,20,59.98355263,30.0,9.724,1.235033542,22.54763636,8.0,Good
1135.36,1774,166.0,260,519.8519737,280.0,87.516,3.165486046,102.6722727,64.0,Poor
254.72,398,35.93565348,50,119.9917763,112.4008831,4.862,1.426336413,1.99305,40.0,Moderate
407.68,637,63.72342624,50,179.9588816,173.5035021,24.31,2.065307109,1.10725,32.0,Moderate
455.04,711,71.00984334,100,199.9671053,106.4767662,19.448,2.183290066,7.0864,48.0,Moderate
330.88,517,53.76548932,40,139.9835526,143.3229446,9.724,1.975773977,1.99305,40.0,Moderate
1242.24,1941,274.7317129,250,379.8930921,544.4160821,63.206,6.128444532,14.6157,48.0,Poor
989.44,1546,99.51565681,270,559.8519737,196.3152925,87.516,1.82863476,188.2325,80.0,Poor
1068.16,1669,64.66671084,350,699.8355263,185.2007054,97.24,1.062808314,133.7558,120.0,Poor
942.72,1473,119.9665707,280,479.9095395,232.7465643,53.482,2.380963386,93.67335,104.0,Poor
775.04,1211,156.5653097,190,259.9424342,264.8113081,34.034,4.222105826,39.861,48.0,Poor
1187.84,1856,174.6639509,350,519.8519737,312.0216578,87.516,3.330700599,108.0676,64.0,Poor
1263.36,1974,263.9425723,350,419.8848684,366.622134,68.068,5.600367115,107.6247,56.0,Poor
1066.88,1667,119.4802649,330,579.8190789,186.1912569,106.964,2.157357356,188.2325,56.0,Poor
485.12,758,52.0,70,259.9259868,220.0,43.758,1.402331395,21.33972727,32.0,Poor
433.92,678,84.0,80,199.9588816,220.0,24.31,2.582742449,12.28040909,40.0,Moderate
1781.12,2783,576.0,540,219.9259868,320.0,43.758,16.88715045,3.019772727,16.0,Bad
803.2,1255,174.0,170,259.9424342,170.0,34.034,4.692268135,18.52127273,48.0,Poor
337.92,528,40.0,60,239.9506579,170.0,29.172,1.122719286,43.48472727,48.0,Moderate
440.96,689,36.0,60,259.9424342,220.0,34.034,0.970814097,2.818454545,48.0,Moderate
513.28,802,92.85292624,30,199.9588816,337.0102441,24.31,2.854942787,14.1728,40.0,Poor
538.24,841,65.52229149,90,279.9506579,258.2009705,29.172,1.702630839,20.59485,64.0,Poor
697.6,1090,95.48600542,110,339.9177632,356.7968476,48.62,2.251774824,17.49455,56.0,Poor
514.56,804,56.94063963,130,279.9342105,188.1867722,38.896,1.479675616,19.9305,48.0,Poor
928.0,1450,105.2190557,280,499.8684211,218.9210881,77.792,2.046155867,101.867,72.0,Poor
1324.8,2070,201.693798,400,599.8519737,309.1461123,87.516,3.580491623,143.9425,96.0,Bad
864.0,1350,100.9264493,130,459.8766447,438.516296,72.93,2.046239583,26.574,64.0,Poor
556.8,870,74.57495511,170,259.9671053,147.0444787,19.448,2.01097173,29.89575,72.0,Poor
531.2,830,72.73548026,150,259.9424342,166.4274112,34.034,1.961461933,20.15195,48.0,Poor
1811.2,2830,305.9359156,590,759.8519737,337.6767061,87.516,4.82545345,232.5225,160.0,Bad
1350.4,2110,119.7580697,480,799.8355263,212.4227157,97.24,1.841096727,155.015,160.0,Poor
1101.44,1721,138.4252969,320,559.8684211,209.0156994,77.792,2.543575549,201.5195,96.0,Poor
456.96,714,63.58111447,40,219.9588816,266.6117541,24.31,1.863929787,24.8024,48.0,Moderate
838.4,1310,91.93025039,170,459.8601974,264.9932882,82.654,1.863878919,155.015,48.0,Poor
224.0,350,25.34785991,30,119.9835526,113.627387,9.724,1.006126537,13.7299,32.0,Moderate
1868.8,2920,169.4580472,770,1099.819079,172.1695995,106.964,2.221640259,186.018,264.0,Bad
244.48,382,22.0852428,30,139.9753289,136.1340537,14.586,0.811612251,2.87885,32.0,Moderate
454.4,710,44.80065673,80,259.9424342,194.748032,34.034,1.20814192,37.6465,48.0,Moderate
243.84,381,21.8373952,40,139.9835526,121.8958017,9.724,0.802480508,2.43595,40.0,Moderate
556.8,870,80.39848452,50,259.9671053,340.3265974,19.448,2.168007735,9.07945,72.0,Poor
694.4,1085,158.9467674,120,199.9588816,337.9000242,24.31,4.887125755,12.62265,40.0,Poor
1440.0,2250,189.9321594,460,719.9013158,388.5544577,58.344,3.077755998,54.9196,192.0,Bad
263.68,412,19.80130163,30,159.9753289,153.6031013,14.586,0.680674369,2.2145,40.0,Moderate
1067.52,1668,99.84615619,240,619.9506579,342.726715,29.172,1.743512044,143.0567,200.0,Poor
672.64,1051,105.5447845,50,299.9671053,390.1001688,19.448,2.649550036,50.71205,88.0,Poor
903.04,1411,151.7265771,200,379.9013158,376.3478181,58.344,3.384530448,38.0894,56.0,Poor
153.6,240,19.0,20,79.97532895,40.0,14.586,0.923735741,79.35580223,16.0,Good
217.6,340,33.0,30,99.98355263,120.0,9.724,1.434900615,9.8080205,24.0,Moderate
1031.68,1612,223.0,250,339.9013158,380.0,58.344,5.258968919,10.69965873,40.0,Poor
1004.16,1569,257.0,110,239.9424342,520.0,34.034,7.213595024,45.47354959,40.0,Poor
677.76,1059,69.39478669,150,359.9342105,212.0815183,38.896,1.590330711,101.20265,80.0,Poor
1007.36,1574,73.42677121,210,619.9013158,409.6734947,58.344,1.282228177,73.5214,152.0,Poor
1271.04,1986,82.90497879,320,819.7861842,399.6103422,126.412,1.258932598,137.52045,120.0,Poor
1318.4,2060,98.97333282,330,819.7697368,354.8408403,136.136,1.502949603,223.88595,104.0,Poor
944.0,1475,84.12445627,130,559.8601974,486.8347484,82.654,1.545804751,58.24135,88.0,Poor
1754.88,2742,240.9355435,600,859.7861842,417.3675018,126.412,3.572545807,84.151,136.0,Bad
831.36,1299,135.3795653,130,359.9013158,401.1507603,58.344,3.102655538,52.2622,48.0,Poor
1018.88,1592,130.537583,240,519.9013158,341.3790364,58.344,2.489128244,108.73195,112.0,Poor
1836.8,2870,243.8144868,420,899.7532895,581.6253822,145.86,3.5340277,256.66055,120.0,Bad
748.16,1169,13.34107229,80,559.8848684,367.2432106,68.068,0.245139636,104.5244,112.0,Poor
823.68,1287,21.71424667,150,599.8273026,345.4325897,102.102,0.385481745,85.4797,72.0,Poor
2387.2,3730,218.9643425,620,1399.712171,390.8383193,170.17,2.544639075,664.35,280.0,Bad
647.68,1012,77.89601718,130,339.9177632,282.8193913,48.62,1.836963329,13.46416,56.0,Poor
1091.2,1705,375.8479706,20,40.0,617.5004009,5.0,25.83773133,143.0567,8.0,Bad
275.2,430,33.75748878,40,139.9917763,143.234135,4.862,1.24048362,0.8858,48.0,Moderate
1128.96,1764,115.1167124,310,639.9013158,301.6927609,58.344,1.978581939,34.878375,160.0,Poor
901.76,1409,114.6073525,200,459.9177632,343.2149609,48.62,2.323510034,39.19665,104.0,Poor
1171.2,1830,175.8569102,320,539.9342105,383.0599851,38.896,3.290494579,48.719,152.0,Poor
1619.2,2530,483.7845573,310,219.9342105,483.2437132,38.896,14.18331574,284.3418,24.0,Bad
928.0,1450,289.6110546,80,99.97532895,542.2682701,14.586,12.59333853,29.6743,16.0,Poor
744.32,1163,102.959453,60,359.9095395,349.8326311,53.482,2.359618061,94.55915,56.0,Poor
743.04,1161,112.0377129,130,339.8930921,284.2767722,63.206,2.64219721,58.68425,32.0,Poor
947.2,1480,94.43889745,180,539.8601974,298.1381315,82.654,1.767186632,198.19775,80.0,Poor
526.72,823,23.38753429,60,359.9259868,203.4671549,43.758,0.535981746,133.7558,72.0,Poor
476.8,745,152.4908123,20,39.99177632,274.5623056,4.862,10.48408406,14.1728,8.0,Moderate
2208.0,3450,696.9715615,370,159.9588816,970.5889634,24.31,23.95979194,134.6416,24.0,Bad
794.24,1241,57.93682515,150,499.9753289,360.2593159,14.586,1.126555441,7.5293,176.0,Poor
259.84,406,37.61758289,60,119.9917763,101.4866788,4.862,1.493094547,1.660875,40.0,Moderate
1753.6,2740,219.6721916,440,859.8601974,244.2159616,82.654,3.257116733,558.054,208.0,Bad
826.88,1292,96.02446958,210,439.9259868,293.4019471,43.758,1.990509581,24.58095,104.0,Poor
1798.4,2810,98.93572639,770,1199.777961,260.7374567,131.274,1.241866382,20.28482,264.0,Bad
1708.8,2670,332.9725306,520,619.8930921,533.8639936,63.206,5.814631174,37.95653,144.0,Bad
844.8,1320,94.19945782,200,459.9259868,283.20758,43.758,1.909750325,77.0646,112.0,Poor
958.08,1497,216.7556348,170,279.9177632,480.4154311,48.62,5.632838903,2.6574,32.0,Poor
1232.64,1926,176.2833391,320,579.9424342,388.3180803,34.034,3.182665443,106.296,176.0,Poor
903.04,1411,150.5274091,210,379.9506579,364.4676613,29.172,3.357562844,25.001705,104.0,Poor
1036.8,1620,97.78230805,320,599.9671053,278.3064137,19.448,1.735676279,45.84015,208.0,Poor
1130.88,1767,247.0493225,350,339.9259868,328.1154673,43.758,5.825908343,9.96525,64.0,Poor
865.28,1352,143.7238086,200,359.9588816,285.3571038,24.31,3.293627153,58.9057,104.0,Poor
311.68,487,37.38850751,80,159.9753289,106.4166034,14.586,1.285238679,2.546675,40.0,Moderate
499.84,781,77.82966687,90,219.9671053,149.7509705,19.448,2.281594524,60.89875,56.0,Poor
1452.8,2270,239.8172365,510,619.8930921,349.8810551,63.206,4.187879333,12.22404,144.0,Bad
517.76,809,37.40802198,20,319.9342105,313.920877,38.896,0.909298695,46.5045,64.0,Poor
1292.8,2020,374.3006246,330,159.9835526,397.0572093,9.724,12.86634071,117.58995,48.0,Poor
1097.6,1715,109.7419942,260,619.9095395,280.5587825,53.482,1.916376568,217.9068,160.0,Poor
442.24,691,104.575608,40,119.9671053,227.0898493,19.448,4.151179114,3.63178,16.0,Moderate
1523.2,2380,284.1420921,430,579.8519737,476.0389755,87.516,5.130375677,96.77365,88.0,Bad
838.4,1310,87.13108243,220,459.9095395,308.0032189,53.482,1.766481381,9.07945,96.0,Poor
3104.0,4850,366.6563255,950,1399.613487,582.3434453,228.514,4.261154552,420.755,184.0,Bad
1446.4,2260,71.86106115,440,979.7861842,155.1278664,126.412,0.998159936,376.465,184.0,Bad
798.72,1248,58.30705248,270,499.9177632,154.4600544,48.62,1.133819619,83.04375,120.0,Poor
588.8,920,101.9702086,140,239.9588816,192.7563774,24.31,2.862048949,2.87885,56.0,Poor
562.56,879,83.4421257,20,259.9671053,388.6899247,19.448,2.250081889,14.83715,72.0,Poor
748.8,1170,150.7620236,60,259.9095395,362.6428692,53.482,4.06586554,29.2314,16.0,Poor
1090.56,1704,180.0455177,350,459.9095395,167.347134,53.482,3.650213517,192.88295,96.0,Poor
1021.44,1596,111.6911638,190,559.8355263,373.5708319,97.24,2.052394078,144.16395,64.0,Poor
1201.92,1878,215.3232932,240,479.8355263,536.4386198,97.24,4.273827386,42.0755,32.0,Poor
612.48,957,100.1396797,120,259.9506579,241.1174051,29.172,2.70042986,55.3625,56.0,Poor
2240.0,3500,422.9361745,720,839.7615132,415.1882403,140.998,6.345546243,310.03,104.0,Bad
412.8,645,53.0,50,239.9342105,210.0,38.896,1.48765404,32.21090909,32.0,Moderate
418.56,654,61.0,40,239.9342105,210.0,38.896,1.712205593,46.10186364,32.0,Moderate
377.6,590,59.0,40,199.9424342,200.0,34.034,1.814143713,44.29,24.0,Moderate
587.52,918,87.0,90,299.9095395,230.0,53.482,2.184219483,27.17795455,32.0,Poor
354.56,554,63.0,60,179.9506579,130.0,29.172,2.04190717,34.42540909,24.0,Moderate
282.24,441,57.0,70,119.9753289,80.0,14.586,2.262564897,27.58059091,24.0,Moderate
285.44,446,41.0,20,139.9588816,180.0,24.31,1.506800616,7.650090909,16.0,Moderate
396.8,620,69.0,70,219.9424342,160.0,34.034,2.022864259,43.88736364,32.0,Moderate
218.88,342,43.0,30,99.97532895,90.0,14.586,1.869795881,2.617136364,16.0,Moderate
349.44,546,60.0,40,179.9506579,180.0,29.172,1.944673495,32.41222727,24.0,Moderate
700.8,1095,148.0,170,359.8930921,180.0,63.206,3.391931898,182.7969091,40.0,Poor
833.28,1302,79.85293591,140,479.9013158,255.417806,58.344,1.58484605,209.27025,96.0,Poor
1555.2,2430,147.4961885,470,899.7286184,452.601682,160.446,2.137948277,78.8362,96.0,Bad
1187.84,1856,171.5126738,250,559.9506579,403.8887012,29.172,3.151327228,162.5443,176.0,Poor
750.72,1173,87.66690542,230,399.9177632,228.6890146,48.62,1.905998231,8.437245,80.0,Poor
375.68,587,34.05380163,40,219.9753289,211.199135,14.586,0.99827634,12.97697,64.0,Moderate
1105.92,1728,95.43079899,300,659.9259868,207.1695842,43.758,1.615150918,240.4947,192.0,Poor
415.36,649,38.98749683,70,239.9588816,178.8319982,24.31,1.094281613,37.42505,56.0,Moderate
1137.92,1778,121.9907584,300,579.9177632,325.8779176,48.62,2.202499859,122.6833,152.0,Poor
1228.16,1919,215.73876,260,499.8930921,412.4614016,63.206,4.195287948,38.75375,96.0,Poor
898.56,1404,76.33240433,260,539.9342105,157.1197349,38.896,1.428271214,189.1183,152.0,Poor
963.84,1506,107.1757466,180,519.9177632,318.5676553,48.62,2.043625691,186.23945,128.0,Poor
743.04,1161,84.98350433,140,399.9342105,256.247806,38.896,1.847619434,125.56215,96.0,Poor
867.84,1356,111.5437787,180,439.8766447,336.8176553,72.93,2.312341986,79.2791,56.0,Poor
644.48,1007,104.2529963,160,279.9671053,207.1741592,19.448,2.708988779,56.91265,80.0,Poor
944.0,1475,157.598808,280,399.9671053,286.1175167,19.448,3.426201927,10.6296,128.0,Poor
856.96,1339,70.41989156,150,519.8601974,381.4181255,82.654,1.342839885,65.9921,72.0,Poor
1137.92,1778,121.9907584,300,579.9177632,325.8779176,48.62,2.202499859,122.6833,152.0,Poor
799.36,1249,67.8796969,200,479.8684211,307.1994847,77.792,1.347258626,17.93745,64.0,Poor
751.36,1174,104.6739926,90,359.9342105,398.9585896,38.896,2.398829551,41.41115,80.0,Poor
811.52,1268,80.5001113,170,459.9177632,282.2985263,48.62,1.632031561,105.18875,104.0,Poor
991.36,1549,109.548683,320,539.9013158,251.4352232,58.344,2.049850234,56.2483,120.0,Poor
520.32,813,59.43722198,30,279.9342105,341.360006,38.896,1.544552514,14.239235,48.0,Poor
759.04,1186,154.8754567,90,259.9424342,411.6723991,34.034,4.176535463,34.302605,48.0,Poor
993.28,1552,209.0,270,299.9177632,200.0,48.62,5.247076015,31.003,40.0,Poor
488.32,763,84.0,120,199.9506579,130.0,29.172,2.582795561,17.11204545,32.0,Poor
1087.36,1699,136.0,190,279.9259868,120.0,43.758,3.534186498,1.811863636,40.0,Poor
800.0,1250,182.0,230,219.9588816,130.0,24.31,5.335471453,89.18395455,48.0,Poor
774.4,1210,145.0,180,239.9506579,150.0,29.172,4.06985741,110.9263182,48.0,Poor
371.2,580,14.1310685,10,259.9424342,178.9222242,34.034,0.381073347,33.2175,48.0,Moderate
1198.08,1872,121.5265423,270,679.8930921,320.7805306,63.206,2.026389802,239.166,168.0,Poor
576.0,900,32.06496904,80,379.9342105,187.5182701,38.896,0.71523505,40.52535,88.0,Poor
296.32,463,41.8859952,70,139.9835526,54.79771251,9.724,1.539226377,2.6574,40.0,Moderate
611.2,955,82.63768615,50,299.9424342,362.193264,34.034,2.074585588,35.432,64.0,Bad
1196.8,1870,101.4417798,380,719.8601974,148.31714,82.654,1.643860438,272.3835,152.0,Poor
1504.0,2350,257.8130012,530,619.8930921,190.4826464,63.206,4.50213569,205.9485,144.0,Bad
807.68,1262,98.64370488,180,419.9259868,312.8174172,43.758,2.092932218,42.29695,96.0,Poor
723.2,1130,76.98178831,150,399.9095395,262.8738397,53.482,1.673706403,88.58,72.0,Poor
1243.52,1943,257.3996798,340,419.8601974,324.8120526,82.654,5.461699647,101.867,32.0,Poor
620.8,970,94.31462036,60,279.9588816,254.8333454,24.31,2.45077849,59.7915,72.0,Poor
757.76,1184,51.88061293,110,479.8930921,315.3506571,63.206,1.029686486,108.5105,88.0,Poor
646.4,1010,141.4692268,80,199.9506579,309.9444606,29.172,4.349834416,25.46675,32.0,Poor
3110.4,4860,161.7915062,1050,2099.638158,556.1109258,213.928,1.535167097,44.29,488.0,Bad
1109.76,1734,97.65486215,310,659.8601974,316.7534751,82.654,1.652875221,106.296,128.0,Poor
302.72,473,25.95773746,20,179.9671053,190.7854009,19.448,0.841283622,9.7438,40.0,Moderate
661.12,1033,55.10541238,170,399.9013158,198.8604311,58.344,1.198091547,70.864,64.0,Poor
500.48,782,33.36323429,30,319.9259868,269.640006,43.758,0.810990095,84.151,56.0,Poor
697.6,1090,39.58012307,70,459.9177632,317.513903,48.62,0.802433798,77.5075,104.0,Poor
938.24,1466,118.3005616,210,479.8684211,353.6688518,77.792,2.347998877,70.864,64.0,Poor
1255.04,1961,136.6798124,270,419.9013158,456.6510068,58.344,2.900032869,139.5135,72.0,Poor
394.88,617,31.34381556,60,239.9424342,209.4435835,34.034,0.879772731,3.76465,40.0,Moderate
479.36,749,43.85447438,80,279.9424342,184.1423177,34.034,1.139598075,70.864,56.0,Moderate
628.48,982,88.21230163,220,299.9753289,158.0539332,14.586,2.214412624,20.8163,96.0,Poor
951.04,1486,105.0818557,200,519.8684211,407.3121038,77.792,2.003794494,34.1033,80.0,Poor
863.36,1349,155.5836327,180,339.9506579,351.6264648,29.172,3.66883456,46.28305,88.0,Poor
1190.4,1860,208.3860012,400,479.8930921,171.8999814,63.206,4.13588501,192.6615,88.0,Poor
682.24,1066,89.49147492,170,339.9342105,265.8204311,38.896,2.110359254,11.9583,72.0,Poor
396.16,619,41.53655991,80,219.9835526,167.3295201,9.724,1.217608254,14.1728,72.0,Moderate
588.8,920,74.60801819,140,299.9917763,226.2310798,4.862,1.872849991,19.0447,112.0,Poor
394.88,617,22.93834923,20,259.9671053,139.8927818,19.448,0.618550447,154.79355,72.0,Moderate
564.48,882,74.85415728,130,279.9342105,198.4039151,38.896,1.945181368,47.3903,48.0,Poor
766.72,1198,111.089953,130,359.9095395,260.8060579,53.482,2.545952332,60.89875,56.0,Poor
478.08,747,52.41760271,30,259.9588816,309.7554822,24.31,1.413503828,15.5015,64.0,Moderate
203.52,318,26.43778932,30,99.98355263,41.47786319,9.724,1.149563641,3.9861,24.0,Moderate
366.08,572,20.88274977,20,239.9588816,78.74873419,24.31,0.586126604,133.7558,56.0,Moderate
551.04,861,70.29350433,120,279.9342105,197.8831194,38.896,1.826666947,50.0477,48.0,Poor
245.12,383,13.96250217,20,159.9671053,109.8365913,19.448,0.479976611,3.9861,32.0,Moderate
793.6,1240,196.0,150,199.9753289,290.0,14.586,6.026151217,56.36909091,56.0,Poor
645.76,1009,179.0,210,200.0,180.0,5.0,5.503135384,34.82804545,80.0,Poor
464.64,726,116.0,30,139.9753289,270.0,14.586,4.262892735,64.42181818,32.0,Moderate
1292.16,2019,199.0,360,619.8273026,410.0,102.102,3.475280705,41.87418182,80.0,Poor
995.84,1556,136.0,230,439.9013158,280.0,58.344,2.819249044,102.6722727,80.0,Poor
577.92,903,132.0,130,239.9588816,220.0,24.31,3.704910155,52.34272727,56.0,Poor
633.6,990,82.12910913,40,319.9506579,370.0174684,29.172,1.996309035,65.9921,80.0,Poor
872.32,1363,85.40600488,260,499.9259868,255.5747349,43.758,1.660763206,41.85405,128.0,Poor
652.16,1019,69.61665085,70,359.9424342,372.0712839,34.034,1.59539698,28.7885,88.0,Poor
1024.0,1600,168.1888332,330,439.9424342,260.7941141,34.034,3.486353295,11.9583,120.0,Poor
826.88,1292,105.7912749,130,419.9342105,413.1396294,38.896,2.244560866,9.52235,104.0,Poor
609.92,953,36.05333963,50,399.9342105,367.6615974,38.896,0.783832715,26.1311,96.0,Poor
988.16,1544,106.0090289,290,539.9177632,284.9221219,48.62,1.983586813,60.2344,136.0,Poor
390.4,610,48.81981502,70,199.9506579,152.8008078,29.172,1.501090494,50.9335,32.0,Moderate
851.2,1330,114.0632183,250,419.9013158,161.7925107,58.344,2.420160493,152.8005,72.0,Poor
428.8,670,81.55781502,60,159.9506579,193.5357264,29.172,2.803785148,6.42205,16.0,Moderate
627.2,980,51.42502361,230,379.9095395,132.4873479,53.482,1.147113958,15.72295,64.0,Poor
877.44,1371,67.52827872,300,539.8766447,211.5260128,72.93,1.263602783,31.4459,96.0,Poor
422.4,660,50.60750271,50,219.9588816,223.7277878,24.31,1.483598275,31.22445,48.0,Moderate
1091.2,1705,100.4303429,220,639.8848684,412.1889332,68.068,1.726180432,126.2265,144.0,Poor
428.8,670,17.37714551,20,299.9342105,232.615877,38.896,0.436252169,77.5075,56.0,Moderate
220.8,345,43.88047755,50,59.98355263,40.77897833,9.724,2.463357347,2.2145,8.0,Moderate
380.8,595,27.64329683,10,239.9588816,185.3353195,24.31,0.775878266,14.83715,56.0,Moderate
390.4,610,21.4156161,60,259.9342105,165.8595359,38.896,0.577525302,50.9335,40.0,Moderate
872.96,1364,75.58033274,280,519.8601974,198.9701358,82.654,1.441244556,84.151,72.0,Poor
166.4,260,5.076154025,20,119.9835526,51.63016276,9.724,0.201486567,33.2175,32.0,Moderate
949.12,1483,122.5261322,310,479.8684211,245.6334751,77.792,2.431866906,44.29,64.0,Poor
288.0,450,21.54214977,40,179.9588816,118.0448493,24.31,0.698191508,31.22445,32.0,Moderate
236.8,370,12.02327167,10,159.9835526,129.1686528,9.724,0.41329215,44.29,48.0,Moderate
744.96,1164,123.0606578,120,320.0,376.4737742,43.758,2.991345915,0.68665,56.0,Poor
1804.8,2820,322.1284826,460,720.0,623.7699339,160.446,5.220557757,88.6,24.0,Bad
888.32,1388,173.7189712,190,320.0,379.6644034,58.344,4.222905856,1.17395,32.0,Poor
806.4,1260,125.9555755,250,360.0,219.5487607,43.758,2.886575747,27.5546,72.0,Poor
1260.8,1970,224.302459,320,500.0,392.4343899,106.964,4.362141847,127.584,24.0,Poor
777.6,1215,97.37056424,240,400.0,172.6509412,48.62,2.116969024,69.7725,80.0,Poor
1555.2,2430,273.3512098,380,600.0,494.7210091,87.516,4.852562282,170.7765,96.0,Bad
2440.96,3814,426.0,630,839.7697368,340.0,136.136,6.391483222,287.2810455,112.0,Bad
295.68,462,44.0,50,179.9424342,130.0,34.034,1.426126483,44.49131818,16.0,Moderate
272.0,425,36.0,40,159.9506579,130.0,29.172,1.237603843,34.82804545,16.0,Moderate
217.6,340,67.0,40,139.9588816,130.0,24.31,2.462332714,76.29959091,16.0,Moderate
721.28,1127,116.0,120,319.9013158,290.0,58.344,2.819824892,69.25345455,32.0,Poor
950.4,1485,193.0,140,359.8848684,340.0,68.068,4.423313079,151.5925909,32.0,Poor
462.08,722,72.0,50,199.9424342,210.0,34.034,2.213870294,42.47813636,24.0,Moderate
796.16,1244,134.0,170,319.9095395,270.0,53.482,3.25734206,37.24386364,40.0,Poor
883.84,1381,154.0,260,399.9013158,180.0,58.344,3.348239135,47.51109091,64.0,Poor
715.52,1118,128.0,170,299.9095395,260.0,53.482,3.213564297,2.415818182,32.0,Poor
892.16,1394,152.0,200,419.9013158,310.0,58.344,3.225092194,47.10845455,72.0,Poor
458.88,717,61.0,140,259.9342105,80.0,38.896,1.645016575,22.34631818,40.0,Moderate
966.4,1510,120.0,240,479.8930921,100.0,63.206,2.381667667,130.8568182,88.0,Poor
721.92,1128,111.0,210,319.9259868,120.0,43.758,2.698176675,48.92031818,56.0,Poor
480.0,750,58.0,20,239.9259868,290.0,43.758,1.628026661,5.636909091,24.0,Poor
605.44,946,75.0,90,339.8848684,280.0,68.068,1.768754314,27.37927273,24.0,Poor
1481.6,2315,256.0,340,459.9259868,320.0,43.758,5.190009525,134.8831818,112.0,Bad
448.0,700,61.0,80,239.9259868,200.0,43.758,1.712234936,19.9305,24.0,Moderate
1139.2,1780,204.088137,250,439.8848684,493.7687012,68.068,4.230779719,7.9722,64.0,Poor
1824.0,2850,264.1625851,580,859.8684211,420.9032914,77.792,3.916764593,7.30785,216.0,Bad
1159.68,1812,142.7847594,170,559.9013158,502.0249549,58.344,2.623603938,7.30785,128.0,Poor
1030.4,1610,205.8761231,120,339.9177632,519.8285956,48.62,4.855022145,6.42205,56.0,Poor
1350.4,2110,135.2891455,390,759.9342105,327.7191262,38.896,2.133767617,7.9722,240.0,Poor
1286.4,2010,124.8112546,480,739.8848684,269.9465253,68.068,1.995004318,0.66435,184.0,Poor
556.8,870,35.94681076,30,359.9259868,349.9857203,43.758,0.823807852,26.1311,72.0,Poor
1459.2,2280,251.3515851,370,599.8684211,505.2484872,77.792,4.461961231,21.2592,112.0,Bad
1248.0,1950,148.257707,220,659.8930921,440.9044094,63.206,2.509300378,19.70905,160.0,Poor
1491.2,2330,175.2754183,270,759.8108553,519.8119591,111.826,2.764651726,1.99305,120.0,Bad
816.0,1275,147.2480573,90,319.9342105,283.8345419,38.896,3.579244751,29.2314,64.0,Poor
3481.6,5440,597.8544632,1500,1439.84375,438.3062545,92.378,6.850305768,167.19475,424.0,Bad
1116.8,1745,163.8370391,320,519.9424342,384.5861756,34.034,3.123968335,121.7975,152.0,Poor
1507.2,2355,273.0,340,539.8601974,320.0,82.654,5.108508925,66.435,80.0,Bad
361.6,565,89.0,40,139.9917763,180.0,4.862,3.196981731,38.04913636,48.0,Moderate
490.24,766,39.0,20,199.9588816,190.0,24.31,1.199130423,41.27022727,40.0,Poor
355.2,555,40.0,20,199.9588816,220.0,24.31,1.229877357,14.09227273,40.0,Moderate
470.4,735,44.0,30,319.9424342,340.0,34.034,0.9965982,18.92390909,72.0,Moderate
560.0,875,66.0,80,299.9424342,200.0,34.034,1.631798632,49.72559091,64.0,Poor
1331.2,2080,163.0,370,639.8601974,210.0,82.654,2.801671553,143.7411818,120.0,Poor
374.4,585,28.0,30,259.9424342,260.0,34.034,0.755077631,13.48831818,48.0,Moderate
822.4,1285,98.0,210,499.8930921,250.0,63.206,1.905722546,102.0683182,96.0,Poor
175.36,274,12.31,40,99.97532895,60.0,14.586,0.535283425,1.24012,16.0,Moderate
869.12,1358,115.0,130,419.8601974,350.0,82.654,2.440156336,184.6893,32.0,Poor
326.4,510,51.22,10,179.9342105,230.0,38.896,1.660178811,0.4429,8.0,Moderate
1207.68,1887,197.0,290,519.8190789,370.0,106.964,3.756749891,118.2543,32.0,Poor
1843.2,2880,230.0,390,919.6463816,520.0,209.066,3.297536161,417.6547,24.0,Bad
510.72,798,83.0,70,219.9342105,270.0,38.896,2.433345977,13.86277,24.0,Poor
507.52,793,17.04,60,259.9671053,140.0,19.448,0.459496868,159.8869,72.0,Poor
2668.8,4170,532.4,790,899.6792763,700.0,189.618,7.717317222,272.8264,48.0,Bad
324.48,507,37.38,50,159.9671053,170.0,19.448,1.28497926,0.4429,32.0,Moderate
335.36,524,35.31,30,199.9671053,100.0,19.448,1.085651912,150.586,48.0,Moderate
321.92,503,51.73,40,99.99177632,160.0,4.862,2.249222921,4.11897,32.0,Moderate
1542.4,2410,260.4,390,619.8848684,310.0,68.068,4.547342085,343.2475,136.0,Bad
1094.4,1710,263.8,90,320.0,680.0,72.93,6.41,42.9613,8.0,Poor
277.12,433,6.18,30,219.9424342,130.0,34.034,0.181178277,24.04947,32.0,Moderate
249.6,390,43.0,30,99.98355263,80.0,9.724,1.869718983,20.93709091,24.0,Moderate
282.88,442,46.0,30,119.9753289,150.0,14.586,1.825929566,24.3595,24.0,Moderate
345.6,540,53.0,40,139.9671053,140.0,19.448,1.947758208,60.19413636,24.0,Moderate
800.64,1251,135.0,140,359.9177632,280.0,48.62,3.093885891,95.62613636,64.0,Poor
558.08,872,72.0,80,239.9506579,270.0,29.172,2.020894714,29.49714,48.0,Poor
714.24,1116,79.0,120,439.9342105,370.0,38.896,1.637590792,39.19665,112.0,Poor
520.96,814,72.0,90,259.9342105,280.0,38.896,1.941658908,29.40856,40.0,Poor
216.96,339,29.0,60,139.9753289,110.0,14.586,1.065723184,3.49891,32.0,Moderate
546.56,854,72.0,80,259.9588816,290.0,24.31,1.94156677,29.27569,64.0,Poor
952.96,1489,87.0,180,519.9342105,220.0,38.896,1.658888588,191.3328,144.0,Poor
555.52,868,72.0,80,279.9342105,300.0,38.896,1.871012428,31.09158,48.0,Poor
517.76,809,70.0,80,259.9671053,200.0,19.448,1.887604504,77.0646,72.0,Poor
1941.76,3034,523.0,670,599.9095395,370.0,53.482,9.283911009,29.19113636,152.0,Bad
552.96,864,97.0,110,339.9424342,240.0,34.034,2.287395215,59.7915,80.0,Poor
519.68,812,74.0,100,439.8848684,270.0,68.068,1.534031834,61.80468182,64.0,Poor
922.88,1442,231.0,130,399.8766447,540.0,72.93,5.022513632,13.08568182,40.0,Poor
766.08,1197,138.0,130,519.8108553,480.0,111.826,2.63165272,7.851409091,24.0,Poor
628.48,982,54.0,80,519.8601974,370.0,82.654,1.02972828,12.68304545,72.0,Poor
248.32,388,66.0,30,99.99177632,120.0,4.862,2.869683217,5.636909091,32.0,Moderate
640.64,1001,93.0,120,379.9424342,250.0,34.034,2.074417713,6.240863636,96.0,Poor
1756.16,2744,156.0,650,1139.851974,190.0,87.516,2.008965759,60.79809091,312.0,Bad
709.12,1108,224.0,110,339.8930921,410.0,63.206,5.282615645,24.3595,32.0,Poor
824.96,1289,168.0,160,499.8766447,300.0,72.93,3.267006681,141.3253636,80.0,Poor
481.28,752,107.0,50,299.9342105,340.0,38.896,2.68622842,40.86759091,56.0,Poor
560.0,875,104.0,50,399.8766447,480.0,72.93,2.261218259,32.21090909,40.0,Poor
715.52,1118,225.0,130,379.8766447,530.0,72.93,5.019187102,35.83463636,32.0,Poor
325.76,509,41.0,30,159.9671053,160.0,19.448,1.409420804,8.455363636,32.0,Moderate
848.0,1325,123.0,200,459.8601974,220.0,82.654,2.493815757,157.0281818,48.0,Poor
754.56,1179,133.0,150,339.9259868,220.0,43.758,3.136401273,106.6986364,64.0,Poor
1003.52,1568,209.0,200,279.9835526,210.0,9.724,5.430654706,195.2786364,96.0,Poor
325.12,508,46.0,30,139.9588816,160.0,24.31,1.690556788,20.53445455,16.0,Moderate
794.88,1242,171.0,110,299.9013158,330.0,58.344,4.293179914,33.01618182,24.0,Poor
1066.24,1666,231.0,230,339.8848684,300.0,68.068,5.447763288,58.38227273,24.0,Poor
1888.0,2950,561.0,610,179.9671053,260.0,19.448,18.18186629,93.009,40.0,Bad
1331.2,2080,105.0,430,799.7944079,220.0,121.55,1.614255525,120.20306,120.0,Poor
659.2,1030,104.0,130,319.9177632,250.0,48.62,2.528053881,11.64827,48.0,Poor
1736.96,2714,199.0,590,899.7532895,280.0,145.86,2.884453345,35.34342,120.0,Bad
481.92,753,42.0,100,299.9671053,160.0,19.448,1.054349602,76.1788,88.0,Poor
1290.24,2016,363.0,130,219.9342105,770.0,38.896,10.64222397,20.94917,24.0,Poor
1149.44,1796,66.0,310,679.9506579,160.0,29.172,1.100467954,241.07047,224.0,Poor
309.76,484,46.0,50,159.9753289,130.0,14.586,1.581260745,5.53625,40.0,Moderate
1024.64,1601,56.0,260,639.9424342,290.0,34.034,0.962475618,115.95122,200.0,Poor
2901.76,4534,610.0,800,879.7861842,550.0,126.412,8.94156278,168.21342,144.0,Bad
1854.72,2898,395.0,490,539.8355263,340.0,97.24,7.391601223,85.30254,56.0,Bad
988.16,1544,36.0,90,699.7368421,480.0,155.584,0.5917078,143.0567,24.0,Poor
893.44,1396,96.42,170,479.8848684,370.0,68.068,1.913686367,74.8501,80.0,Poor
638.08,997,57.48,90,359.8930921,270.0,63.206,1.31735301,79.2791,40.0,Poor
824.96,1289,43.2,250,539.9013158,200.0,58.344,0.808348651,35.8749,120.0,Poor
800.0,1250,77.39,220,419.9095395,230.0,53.482,1.642022637,40.7468,80.0,Poor
428.16,669,16.0,60,299.9259868,210.0,43.758,0.401684523,30.73726,48.0,Moderate
1001.6,1565,160.0,200,439.8930921,320.0,63.206,3.316794584,187.7896,72.0,Poor
1651.2,2580,283.0,500,619.7861842,480.0,126.412,4.942397303,16.3873,40.0,Bad
406.4,635,48.36,40,219.9424342,230.0,34.034,1.417763994,26.35255,32.0,Moderate
792.96,1239,50.0,240,499.9342105,190.0,38.896,0.972267436,53.148,136.0,Poor
867.84,1356,95.04,120,459.8930921,340.0,63.206,1.926859943,159.444,80.0,Poor
928.0,1450,57.52,280,599.8273026,220.0,102.102,1.02112269,94.7806,72.0,Poor
663.04,1036,40.2,170,419.9095395,230.0,53.482,0.852943662,17.14023,80.0,Poor
608.0,950,71.14,70,339.9095395,350.0,53.482,1.677661539,26.30826,48.0,Poor
492.8,770,62.69,80,239.9588816,220.0,24.31,1.759551648,10.05383,56.0,Poor
1587.2,2480,29.37,390,1199.638158,290.0,213.928,0.368681185,393.7381,128.0,Bad
454.4,710,47.84,20,279.9506579,340.0,29.172,1.243147293,0.93009,64.0,Moderate
270.72,423,32.19,50,139.9835526,120.0,9.724,1.182917986,8.32652,40.0,Moderate
418.56,654,27.81,40,259.9753289,220.0,14.586,0.749906442,32.7746,80.0,Moderate
890.88,1392,40.0,230,619.8519737,260.0,87.516,0.698534984,103.1957,104.0,Poor
307.2,480,48.0,30,139.9753289,130.0,14.586,1.763955614,22.145,32.0,Moderate
602.24,941,95.0,120,299.9259868,250.0,43.758,2.385001854,23.75554545,48.0,Poor
454.4,710,71.0,100,219.9588816,160.0,24.31,2.081420182,41.87418182,48.0,Moderate
823.04,1286,152.0,150,339.9342105,210.0,38.896,3.58441524,81.73518182,72.0,Poor
481.28,752,88.0,70,199.9588816,190.0,24.31,2.705730185,21.54104545,40.0,Poor
1465.6,2290,147.0,320,859.8519737,450.0,87.516,2.179604282,227.2077,200.0,Bad
904.96,1414,96.0,160,539.8930921,430.0,63.206,1.796344016,73.0785,112.0,Poor
1497.6,2340,231.0,280,679.8766447,580.0,72.93,3.851847484,211.2633,152.0,Bad
1548.8,2420,173.0,280,839.8355263,460.0,97.24,2.595500675,366.7212,176.0,Bad
493.44,771,75.0,60,239.9671053,270.0,19.448,2.105026517,26.75116,64.0,Poor
528.64,826,81.0,70,259.9588816,290.0,24.31,2.184262617,31.4459,64.0,Poor
790.4,1235,70.5,140,519.8848684,360.0,68.068,1.344335578,68.6495,96.0,Poor
224.0,350,29.0,40,119.9835526,110.0,9.724,1.151090059,4.16326,32.0,Moderate
720.64,1126,55.0,130,459.9095395,360.0,53.482,1.115061047,26.574,96.0,Poor
390.4,610,29.16,70,259.9588816,180.0,24.31,0.786334542,25.82107,64.0,Moderate
716.8,1120,118.5,120,319.9342105,360.0,38.896,2.880448889,13.41987,64.0,Poor
615.68,962,75.0,60,339.9506579,390.0,29.172,1.768583156,1.55015,88.0,Poor
1996.8,3120,212.0,500,1099.745066,420.0,150.722,2.779470147,420.755,192.0,Bad
937.6,1465,87.2,180,519.9259868,350.0,43.758,1.662715275,91.2374,136.0,Poor
835.2,1305,41.3,50,599.8355263,390.0,97.24,0.733172427,240.9376,80.0,Poor
593.92,928,135.0,20,279.9342105,440.0,38.896,3.508148302,2.617136364,48.0,Poor
523.52,818,55.0,40,359.9835526,280.0,9.724,1.260356844,43.48472727,128.0,Poor
561.92,878,40.0,40,379.9259868,340.0,43.758,0.892241985,45.09527273,80.0,Poor
292.48,457,27.0,20,239.9424342,200.0,34.034,0.757848504,25.36609091,40.0,Moderate
401.28,627,68.0,40,259.9671053,270.0,19.448,1.833672946,21.94368182,72.0,Moderate
508.8,795,74.0,50,279.9671053,380.0,19.448,1.922872021,15.90413636,80.0,Poor
570.24,891,98.0,130,279.9342105,190.0,38.896,2.546655804,45.09527273,48.0,Poor
566.4,885,92.0,70,299.9342105,270.0,38.896,2.309654342,22.34631818,56.0,Poor
988.8,1545,164.0,180,459.8848684,290.0,68.068,3.324998486,141.728,72.0,Poor
405.76,634,70.0,60,199.9506579,180.0,29.172,2.152329634,4.630318182,32.0,Moderate
582.4,910,104.0,80,279.9342105,200.0,38.896,2.702573507,44.08868182,48.0,Poor
811.52,1268,136.0,150,379.9095395,270.0,53.482,3.033688414,43.68604545,64.0,Poor
522.88,817,90.0,70,259.9424342,200.0,34.034,2.427035242,67.44159091,48.0,Poor
216.32,338,42.0,20,99.97532895,120.0,14.586,1.826312256,4.026363636,16.0,Moderate
391.04,611,58.16,40,199.9753289,210.0,14.586,1.788168137,9.65522,56.0,Moderate
1135.36,1774,181.5,200,539.8601974,470.0,82.654,3.396316373,80.6078,80.0,Poor
811.52,1268,77.44,200,439.9588816,290.0,24.31,1.605208547,30.42723,136.0,Poor
599.68,937,146.6,50,159.9753289,300.0,14.586,5.039409245,3.1003,40.0,Poor
712.32,1113,161.1,50,219.9259868,460.0,43.758,4.723124893,1.63873,16.0,Poor
1022.08,1597,91.7,200,579.9259868,440.0,43.758,1.655599225,40.52535,160.0,Poor
1369.6,2140,71.32,390,879.8848684,440.0,68.068,1.045371303,40.3039,240.0,Poor
472.32,738,70.99,50,219.9588816,250.0,24.31,2.081127024,30.64868,48.0,Moderate
852.48,1332,140.4,140,379.9259868,400.0,43.758,3.131769366,49.1619,80.0,Poor
2054.4,3210,304.9,500,979.7286184,690.0,160.446,4.235226986,234.737,128.0,Bad
1388.8,2170,183.6,440,679.9177632,350.0,48.62,3.061375816,66.435,192.0,Poor
371.84,581,64.0,60,179.9671053,130.0,19.448,2.074223605,23.95686364,40.0,Moderate
408.32,638,67.0,60,179.9671053,180.0,19.448,2.171452837,6.039545455,40.0,Moderate
1036.8,1620,189.0,200,439.9013158,300.0,58.344,3.91792698,8.858,80.0,Poor
657.28,1027,108.0,100,279.9424342,200.0,34.034,2.806477419,10.46854545,56.0,Poor
402.56,629,66.0,50,199.9588816,180.0,24.31,2.029297639,38.45177273,40.0,Moderate
248.32,388,37.0,30,119.9753289,130.0,14.586,1.468682477,1.207909091,24.0,Moderate
578.56,904,96.0,30,279.9671053,400.0,19.448,2.494536676,29.14282,80.0,Poor
437.76,684,81.0,30,159.9917763,270.0,4.862,2.784250798,9.96525,56.0,Moderate
675.2,1055,70.0,80,399.9424342,410.0,34.034,1.521848642,16.16585,104.0,Poor
1715.2,2680,221.0,530,779.9424342,510.0,34.034,3.440591902,46.0616,256.0,Bad
1145.6,1790,89.0,270,719.8519737,420.0,87.516,1.442250077,77.5075,144.0,Poor
1664.0,2600,209.0,380,839.84375,620.0,92.378,3.135589509,106.7389,184.0,Bad
794.24,1241,69.0,60,499.9095395,510.0,53.482,1.341762169,28.83279,112.0,Poor
1292.8,2020,114.0,260,719.8930921,480.0,63.206,1.847323743,140.8422,184.0,Poor
674.56,1054,78.0,120,379.9342105,330.0,38.896,1.73985304,28.30131,88.0,Poor
1996.8,3120,322.0,530,799.9013158,510.0,58.344,4.950052785,232.5225,224.0,Bad
1600.0,2500,109.0,490,919.9342105,430.0,38.896,1.562500903,83.2652,304.0,Bad
1312.0,2050,145.0,240,699.9342105,520.0,38.896,2.382931486,131.0984,216.0,Poor
995.84,1556,190.0,250,399.9259868,340.0,43.758,4.130816969,74.4072,88.0,Poor
720.64,1126,82.0,70,419.9013158,460.0,58.344,1.739852368,23.73944,72.0,Poor
416.0,650,31.0,50,299.9835526,280.0,9.724,0.778189086,7.75075,104.0,Moderate
1964.8,3070,185.0,660,1079.925987,380.0,43.758,2.447636362,128.8839,360.0,Bad
554.88,867,54.0,110,319.9753289,250.0,14.586,1.312525279,16.43159,104.0,Poor
622.72,973,43.0,70,399.9917763,360.0,4.862,0.934792218,31.97738,152.0,Poor
338.56,529,34.0,20,199.9835526,230.0,9.724,1.045331268,11.20537,64.0,Moderate
748.16,1169,102.98,120,339.9588816,240.0,24.31,2.428353206,178.0458,96.0,Poor
781.44,1221,210.9,150,139.9588816,330.0,24.31,7.750835363,14.65999,16.0,Poor
395.52,618,24.11,60,239.9835526,190.0,9.724,0.676672669,9.03516,80.0,Moderate
914.56,1429,113.79,170,479.9259868,490.0,43.758,2.258338966,9.07945,120.0,Poor
979.2,1530,96.91,230,479.9259868,200.0,43.758,1.923329196,169.1878,120.0,Poor
655.36,1024,107.8,70,279.9588816,360.0,24.31,2.80119795,37.77937,72.0,Poor
405.76,634,40.17,80,219.9506579,180.0,29.172,1.177636785,19.57618,40.0,Moderate
203.52,318,42.0,20,100.0,150.0,5.0,1.826086957,3.221090909,40.0,Moderate
259.2,405,53.0,30,99.98355263,170.0,9.724,2.304537352,3.623727273,24.0,Moderate
984.32,1538,240.0,230,419.9013158,530.0,58.344,5.092250833,3.019772727,72.0,Poor
1150.72,1798,319.0,210,399.9013158,520.0,58.344,6.935638209,87.17077273,64.0,Poor
774.4,1210,88.3,170,399.9588816,240.0,24.31,1.919663887,132.4271,120.0,Poor
1016.96,1589,98.73,220,579.9588816,440.0,24.31,1.782471929,32.73031,192.0,Poor
1888.0,2950,115.0,470,1119.860197,410.0,82.654,1.494129016,407.0251,312.0,Bad
920.32,1438,103.0,210,499.9095395,350.0,53.482,2.002920338,39.99387,112.0,Poor
1195.52,1868,104.43,240,759.8273026,470.0,102.102,1.647175957,147.4857,136.0,Poor
1702.4,2660,254.1,600,779.84375,380.0,92.378,3.956152562,34.72336,160.0,Bad
1420.8,2220,239.2,360,579.9177632,450.0,48.62,4.31867113,103.6386,152.0,Poor
1568.0,2450,151.6,360,839.9424342,410.0,34.034,2.274293992,296.743,280.0,Bad
2150.4,3360,396.0,610,779.8684211,440.0,77.792,6.165335043,335.2753,184.0,Bad
925.44,1446,59.0,110,599.9177632,410.0,48.62,1.047317391,211.7062,160.0,Poor
1772.8,2770,90.0,580,1199.736842,380.0,155.584,1.129722233,168.7449,224.0,Bad
2092.8,3270,216.0,560,1059.860197,470.0,82.654,2.884706438,277.6983,288.0,Bad
851.2,1330,111.11,200,439.9013158,310.0,58.344,2.303285009,24.40379,80.0,Poor
1497.6,2340,439.5,190,199.9671053,470.0,19.448,13.51299959,313.5732,48.0,Bad
804.48,1257,155.88,160,319.9013158,250.0,58.344,3.789261243,143.9425,32.0,Poor
1408.0,2200,180.4,400,639.9424342,370.0,34.034,3.100546455,12.4012,200.0,Poor
408.96,639,71.69,60,159.9671053,180.0,19.448,2.46442384,4.73903,32.0,Moderate
1020.16,1594,175.5,330,419.9342105,180.0,38.896,3.723562574,86.3655,104.0,Poor
1120.0,1750,309.0,170,219.9506579,500.0,29.172,9.058744502,70.4211,40.0,Poor
799.36,1249,251.6,80,139.9671053,410.0,19.448,9.246338965,33.43895,24.0,Poor
1267.84,1981,110.0,260,759.7861842,400.0,126.412,1.735078599,237.8373,96.0,Poor
675.2,1055,119.03,110,279.9259868,270.0,43.758,3.093192786,19.0447,40.0,Poor
640.64,1001,24.81,60,459.9506579,270.0,29.172,0.502971418,162.5443,136.0,Poor
1079.04,1686,81.0,340,679.9588816,280.0,24.31,1.35056614,6.86495,232.0,Poor
200.96,314,25.21,40,119.9835526,100.0,9.724,1.000654496,1.90447,32.0,Moderate
364.16,569,17.14,60,219.9342105,150.0,38.896,0.502500603,11.0725,24.0,Moderate
1856.0,2900,322.8,570,759.8519737,570.0,87.516,5.091446587,24.22663,160.0,Bad
920.32,1438,104.66,230,479.9506579,330.0,29.172,2.077086575,37.77937,144.0,Poor
1529.6,2390,138.6,570,859.8930921,330.0,63.206,2.055006331,36.71641,240.0,Bad
988.8,1545,108.67,290,519.9342105,280.0,38.896,2.072085321,33.48324,144.0,Poor
873.6,1365,53.39,140,599.8848684,310.0,68.068,0.947759467,196.6476,128.0,Poor
1311.36,2049,265.8,540,499.84375,180.0,92.378,5.169041364,11.38253,48.0,Poor
233.6,365,23.98,30,119.9917763,120.0,4.862,0.951799783,2.08163,40.0,Moderate
745.6,1165,109.95,130,359.9177632,240.0,48.62,2.519798175,140.3993,64.0,Poor
1580.8,2470,280.8,570,599.8273026,300.0,102.102,4.984896579,39.37381,72.0,Bad
528.64,826,35.94,100,339.9342105,210.0,38.896,0.847525551,42.69556,72.0,Poor
1452.8,2270,346.3,260,379.9177632,570.0,48.62,7.724668585,156.3437,72.0,Bad
949.12,1483,101.33,190,519.9424342,310.0,34.034,1.932113233,145.7141,152.0,Poor
1176.96,1839,249.1,280,399.9013158,460.0,58.344,5.41588551,19.84192,64.0,Poor
961.92,1503,132.2,280,479.8766447,250.0,72.93,2.623848844,79.722,72.0,Poor
437.12,683,70.22,40,199.9424342,280.0,34.034,2.1591385,2.34737,24.0,Moderate
2035.2,3180,257.0,570,859.7532895,360.0,145.86,3.810819372,369.3786,104.0,Bad
1278.72,1998,56.35,440,859.8026316,160.0,116.688,0.835538949,180.7032,152.0,Poor
1189.12,1858,74.13,410,719.9013158,230.0,58.344,1.20123971,33.39466,192.0,Poor
1239.04,1936,102.3,350,779.7779605,290.0,131.274,1.592803934,175.3884,96.0,Poor
392.96,614,81.63,30,139.9671053,250.0,19.448,2.999915142,6.15631,24.0,Moderate
610.56,954,150.4,40,259.9095395,420.0,53.482,4.056102211,23.65086,16.0,Poor
2784.0,4350,283.5,870,1439.802632,250.0,116.688,3.248431743,643.9766,384.0,Bad
1030.4,1610,142.9,200,519.8601974,410.0,82.654,2.724966133,96.1093,72.0,Poor
1318.4,2060,239.8,300,499.8108553,510.0,111.826,4.663570008,49.1619,16.0,Poor
747.52,1168,167.4,130,219.9342105,340.0,38.896,4.907736344,11.60398,24.0,Poor
789.12,1233,96.56,130,479.8930921,340.0,63.206,1.916448583,107.1818,88.0,Poor
578.56,904,168.0,80,299.9095395,310.0,53.482,4.217803139,44.08868182,32.0,Poor
513.92,803,127.0,40,279.9342105,360.0,38.896,3.300258032,1.610545455,48.0,Poor
464.0,725,86.0,30,339.9013158,360.0,58.344,2.028122543,44.69263636,40.0,Moderate
609.28,952,132.0,140,439.8601974,300.0,82.654,2.736457849,59.99281818,40.0,Poor
471.68,737,97.0,70,299.9177632,330.0,48.62,2.435245806,15.70281818,40.0,Moderate
445.44,696,90.0,90,239.9835526,230.0,9.724,2.525945258,22.54763636,80.0,Moderate
312.96,489,50.0,20,219.9259868,240.0,43.758,1.465898477,11.67645455,16.0,Moderate
454.4,710,81.0,50,279.9177632,280.0,48.62,2.10495082,13.68963636,32.0,Moderate
224.64,351,53.0,40,119.9671053,120.0,19.448,2.103860519,4.026363636,16.0,Moderate
362.88,567,104.0,40,159.9588816,240.0,24.31,3.575208085,29.79509091,24.0,Moderate
683.52,1068,112.0,150,459.8601974,170.0,82.654,2.270791584,159.444,48.0,Poor
973.44,1521,67.0,50,619.8355263,660.0,97.24,1.170061621,33.57182,88.0,Poor
1324.8,2070,112.0,310,779.7861842,510.0,126.412,1.743823068,84.151,104.0,Poor
1040.0,1625,142.0,260,499.9588816,350.0,24.31,2.761171388,74.8501,160.0,Poor
537.6,840,73.0,80,259.9671053,280.0,19.448,1.968501839,3.18888,72.0,Poor
432.0,675,33.0,40,259.9917763,250.0,4.862,0.889828473,19.39902,96.0,Moderate
702.72,1098,96.0,90,319.9753289,370.0,14.586,2.333378274,28.74421,104.0,Poor
401.28,627,28.0,40,259.9917763,230.0,4.862,0.755005977,13.95135,96.0,Moderate
718.72,1123,120.0,260,299.9671053,60.0,19.448,3.012427434,150.586,88.0,Poor
566.4,885,107.0,30,219.9506579,360.0,29.172,3.136846802,9.87667,40.0,Poor
524.8,820,40.0,70,319.9753289,260.0,14.586,0.972240948,38.79804,104.0,Poor
915.2,1430,98.0,170,479.9424342,430.0,34.034,1.944928609,29.6743,136.0,Poor
732.8,1145,75.0,140,399.9506579,320.0,29.172,1.630535353,40.7468,112.0,Poor
803.2,1255,123.0,130,399.9259868,440.0,43.758,2.674160459,28.38989,88.0,Poor
449.28,702,45.0,70,259.9835526,210.0,9.724,1.213421654,29.76288,88.0,Moderate
778.24,1216,95.0,200,439.9835526,300.0,9.724,1.969144325,7.70646,160.0,Poor
831.36,1299,61.0,160,519.8848684,390.0,68.068,1.163183975,26.574,96.0,Poor
718.72,1123,120.0,260,299.9671053,60.0,19.448,3.012427434,150.586,88.0,Poor
771.84,1206,55.0,210,559.8766447,360.0,72.93,1.010621837,17.89316,104.0,Poor
576.0,900,72.0,50,299.9588816,350.0,24.31,1.807481237,22.05642,80.0,Poor
825.6,1290,105.0,290,379.8930921,120.0,63.206,2.34223661,139.9564,48.0,Poor
716.8,1120,77.0,60,399.9506579,350.0,29.172,1.674016296,131.5413,112.0,Poor
638.72,998,42.0,70,419.9259868,380.0,43.758,0.891117718,32.86318,96.0,Poor
532.48,832,97.0,40,199.9424342,340.0,34.034,2.982575257,19.66476,24.0,Poor
613.12,958,122.0,200,339.9342105,60.0,38.896,2.876964863,130.8568182,72.0,Poor
354.56,554,45.0,110,239.9342105,100.0,38.896,1.263102486,5.636909091,32.0,Moderate
1196.8,1870,291.0,90,199.9753289,410.0,14.586,8.946989817,1.409227273,56.0,Poor
481.28,752,145.0,130,279.9671053,200.0,19.448,3.767789771,91.80109091,80.0,Poor
915.2,1430,108.0,240,559.8766447,190.0,72.93,1.984493788,126.0251818,104.0,Poor
1555.2,2430,204.5,300,759.8601974,560.0,82.654,3.22551175,112.4966,168.0,Bad
720.64,1126,55.0,130,459.9095395,360.0,53.482,1.115061047,26.574,96.0,Poor
1504.0,2350,125.0,340,899.7779605,520.0,131.274,1.811817714,114.7111,144.0,Bad
972.8,1520,136.0,200,479.9259868,370.0,43.758,2.69913085,96.1093,120.0,Poor
1472.0,2300,272.0,460,619.84375,450.0,92.378,4.750069399,12.4012,96.0,Bad
790.4,1235,70.5,140,519.8848684,360.0,68.068,1.344335578,68.6495,96.0,Poor
648.32,1013,66.6,80,399.9013158,370.0,58.344,1.448004717,18.6018,64.0,Poor
716.8,1120,118.5,120,319.9342105,360.0,38.896,2.880448889,13.41987,64.0,Poor
1190.4,1860,168.7,200,599.8848684,450.0,68.068,2.994699795,205.0627,128.0,Poor
1395.2,2180,313.0,270,459.8684211,620.0,77.792,6.345994738,71.3069,56.0,Poor
1043.2,1630,156.0,150,559.8601974,590.0,82.654,2.866533132,64.6634,88.0,Poor
904.96,1414,96.0,160,539.8930921,430.0,63.206,1.796344016,73.0785,112.0,Poor
1753.6,2740,156.0,490,919.9424342,430.0,34.034,2.23622983,125.3407,312.0,Bad
1337.6,2090,320.0,270,359.9013158,610.0,58.344,7.333823016,5.53625,48.0,Poor
1433.6,2240,247.6,440,599.8601974,430.0,82.654,4.395393699,32.3317,104.0,Poor
1580.8,2470,173.0,410,839.8355263,340.0,97.24,2.595500675,241.8234,176.0,Bad
745.6,1165,120.0,170,359.8766447,210.0,72.93,2.750277898,130.2126,24.0,Poor
1041.92,1628,111.39,280,559.8848684,210.0,68.068,2.046769811,215.6923,112.0,Poor
313.6,490,40.41,40,179.9671053,180.0,19.448,1.309677748,2.2145,40.0,Moderate
403.84,631,39.15,50,259.9588816,230.0,24.31,1.055726931,30.33865,64.0,Moderate
900.48,1407,108.73,240,439.9177632,300.0,48.62,2.253906016,15.98869,96.0,Poor
741.12,1158,91.29,160,419.8848684,350.0,68.068,1.937002847,13.55274,56.0,Poor
1096.96,1714,118.25,240,559.9177632,400.0,48.62,2.172757164,40.48106,144.0,Poor
1299.2,2030,279.0,470,322.8684211,200.0,77.792,6.75092965,32.73031,1.2,Poor
1013.12,1583,111.63,320,479.9177632,230.0,48.62,2.215489399,2.83456,112.0,Poor
231.68,362,14.02,20,159.9917763,120.0,4.862,0.481916002,38.00082,56.0,Moderate
476.16,744,59.75,90,259.9342105,200.0,38.896,1.611307219,21.43636,40.0,Moderate
865.28,1352,42.0,260,579.8848684,150.0,68.068,0.758316605,172.731,120.0,Poor
814.72,1273,135.0,190,339.9259868,310.0,43.758,3.183565202,40.70251,64.0,Poor
416.0,650,68.0,30,179.9671053,260.0,19.448,2.203862581,13.287,40.0,Moderate
471.68,737,39.0,50,279.9671053,260.0,19.448,1.013405525,16.16585,80.0,Moderate
327.04,511,23.0,50,199.9671053,100.0,19.448,0.707164939,89.4658,48.0,Moderate
952.32,1488,159.0,240,379.9177632,300.0,48.62,3.546700274,53.148,72.0,Poor
250.88,392,23.0,40,139.9917763,130.0,4.862,0.845179078,2.74598,48.0,Moderate
505.6,790,88.0,80,239.9506579,200.0,29.172,2.469982428,39.65968182,48.0,Poor
434.56,679,71.0,60,179.9588816,140.0,24.31,2.301144389,42.67945455,32.0,Moderate
603.52,943,102.0,110,279.9424342,190.0,34.034,2.650562006,43.88736364,56.0,Poor
1173.76,1834,209.0,230,479.8848684,400.0,68.068,4.148106729,44.29,80.0,Poor
779.52,1218,137.0,170,339.9259868,190.0,43.758,3.230729131,44.89395455,64.0,Poor
497.92,778,78.0,70,239.9506579,210.0,29.172,2.189302607,31.003,48.0,Poor
536.32,838,61.85,20,299.9506579,300.0,29.172,1.552697875,108.5105,72.0,Poor
830.72,1298,92.87,260,439.9342105,230.0,38.896,1.925101985,29.58572,112.0,Poor
544.64,851,69.0,40,299.9095395,300.0,53.482,1.732312004,4.11897,32.0,Poor
1115.52,1743,90.0,330,659.8684211,310.0,77.792,1.52330196,10.23099,136.0,Poor
577.28,902,70.59,100,299.9588816,250.0,24.31,1.772084729,37.15931,80.0,Poor
547.2,855,47.59,10,339.9095395,400.0,53.482,1.12229284,16.29872,48.0,Poor
1497.6,2340,380.4,360,299.9506579,390.0,29.172,9.549656775,125.7836,72.0,Bad
509.44,796,25.0,30,339.9424342,280.0,34.034,0.589534849,73.9643,80.0,Poor
1209.6,1890,19.0,360,879.7368421,300.0,155.584,0.278515503,97.438,96.0,Poor
632.96,989,80.0,130,299.9342105,250.0,38.896,2.00839508,12.4012,56.0,Poor
856.96,1339,56.17,230,539.8930921,300.0,63.206,1.051048369,31.93309,112.0,Poor
532.48,832,40.15,140,359.9424342,200.0,34.034,0.920113047,38.62088,88.0,Poor
575.36,899,67.89,100,299.9506579,260.0,29.172,1.704327546,26.79545,72.0,Poor
1318.4,2060,115.32,280,779.7615132,400.0,140.998,1.795543371,234.737,80.0,Poor
948.48,1482,42.0,250,639.84375,250.0,92.378,0.721912378,31.13587,104.0,Poor
131.2,205,9.0,20,119.9917763,100.0,4.862,0.357222604,4.8719,40.0,Good
477.44,746,28.68,60,319.9342105,200.0,38.896,0.697141554,90.3516,64.0,Moderate
688.64,1076,27.84,90,479.8848684,370.0,68.068,0.552551633,13.19842,80.0,Poor
899.2,1405,82.0,230,519.8355263,300.0,97.24,1.563698567,75.293,48.0,Poor
171.52,268,9.0,20,119.9835526,70.0,9.724,0.357234846,42.0755,32.0,Moderate
1229.44,1921,118.0,390,679.8108553,320.0,111.826,1.96770561,46.0616,88.0,Poor
396.8,620,26.71,20,259.9588816,260.0,24.31,0.720267339,19.26615,64.0,Moderate
349.44,546,12.38,40,239.9835526,160.0,9.724,0.347457803,33.17321,80.0,Moderate
517.76,809,83.0,120,239.9588816,180.0,24.31,2.329602597,7.21927,56.0,Poor
723.84,1131,98.0,150,359.9342105,270.0,38.896,2.245880665,65.9921,80.0,Poor
720.0,1125,97.0,160,359.9506579,260.0,29.172,2.222912727,63.91047,96.0,Poor
1167.36,1824,194.0,270,519.8601974,430.0,82.654,3.699394191,77.5075,72.0,Poor
325.76,509,45.0,50,179.9835526,190.0,9.724,1.458371833,3.41033,56.0,Moderate
740.48,1157,136.0,90,299.9342105,440.0,38.896,3.414271636,5.44767,56.0,Poor
674.56,1054,71.0,180,399.9753289,260.0,14.586,1.543525862,6.51063,136.0,Poor
2360.96,3689,547.0,680,559.84375,370.0,92.378,10.05138882,307.2115455,72.0,Bad
1614.72,2523,291.0,390,699.8190789,410.0,106.964,4.782690349,149.1767727,104.0,Bad
450.56,704,95.0,80,239.9671053,230.0,19.448,2.666366922,17.91731818,64.0,Moderate
1565.44,2446,144.0,400,999.7697368,580.0,136.136,1.98008878,11.27381818,176.0,Bad
904.96,1414,124.0,240,459.8848684,300.0,68.068,2.514023246,39.65968182,72.0,Poor
759.68,1187,221.0,120,239.9424342,380.0,34.034,6.203130351,38.45177273,40.0,Poor
365.44,571,19.0,50,299.9506579,170.0,29.172,0.476980754,34.82804545,72.0,Moderate
838.4,1310,191.0,190,319.9424342,220.0,34.034,4.642689175,120.7909091,72.0,Poor
612.48,957,89.0,130,339.9259868,220.0,43.758,2.098794837,43.88736364,64.0,Poor
709.76,1109,145.0,230,299.9506579,180.0,29.172,3.640116278,28.38586364,72.0,Poor
712.96,1114,145.0,150,319.9342105,290.0,38.896,3.524599907,65.62972727,64.0,Poor
632.96,989,66.0,130,379.9342105,240.0,38.896,1.472183342,43.88736364,88.0,Poor
1025.92,1603,123.0,280,599.8355263,150.0,97.24,2.183540157,143.3385455,80.0,Poor
688.64,1076,126.0,130,259.9588816,240.0,24.31,3.397741848,44.08868182,64.0,Poor
1073.28,1677,192.0,290,479.8848684,280.0,68.068,3.810700918,100.4577727,80.0,Poor
865.28,1352,99.0,190,579.8601974,360.0,82.654,1.787498595,45.49790909,96.0,Poor
1414.4,2210,251.0,370,499.8930921,420.0,63.206,4.880983255,153.6057727,96.0,Poor
408.32,638,85.0,40,199.9424342,250.0,34.034,2.613596875,18.52127273,24.0,Moderate
1248.0,1950,245.0,300,539.8684211,590.0,77.792,4.584524374,17.14023,88.0,Poor
1272.96,1989,134.5,470,739.8601974,240.0,82.654,2.149906716,14.1728,160.0,Poor
1651.2,2580,140.0,430,1039.794408,560.0,121.55,1.887671683,155.015,216.0,Bad
1150.72,1798,175.1,190,559.8766447,560.0,72.93,3.217452429,110.725,104.0,Poor
780.8,1220,40.0,80,519.8848684,410.0,68.068,0.76274359,28.3456,96.0,Poor
1356.8,2120,161.8,390,719.9177632,310.0,48.62,2.621858422,47.21314,208.0,Poor
857.6,1340,102.9,170,539.9588816,370.0,24.31,1.925338938,132.87,176.0,Poor
1217.28,1902,112.3,390,719.9177632,360.0,48.62,1.819744752,29.05424,208.0,Poor
897.28,1402,96.41,150,459.9671053,420.0,19.448,1.954478331,10.40815,152.0,Poor
999.68,1562,40.25,240,719.8766447,370.0,72.93,0.652242369,97.438,168.0,Poor
1542.4,2410,157.0,250,979.7861842,770.0,126.412,2.180751404,88.58,184.0,Bad
1100.8,1720,108.0,230,659.9177632,440.0,48.62,1.827894012,106.296,184.0,Poor
1072.0,1675,116.96,240,599.9342105,400.0,38.896,2.076145134,97.438,176.0,Poor
916.48,1432,145.2,220,459.9013158,370.0,58.344,2.943787483,23.60657,88.0,Poor
702.72,1098,79.29,120,379.9342105,310.0,38.896,1.768627533,12.8441,88.0,Poor
945.28,1477,171.0,220,359.8766447,390.0,72.93,3.919146004,6.442181818,24.0,Poor
526.72,823,70.0,50,259.9095395,250.0,53.482,1.887813529,97.438,16.0,Poor
476.8,745,65.0,70,239.9177632,240.0,48.62,1.824543906,41.47154545,16.0,Moderate
277.12,433,31.0,40,159.9506579,130.0,29.172,1.065714421,15.90413636,16.0,Moderate
454.4,710,129.0,50,82.87828947,270.0,5.0,6.160862054,4.026363636,32.0,Moderate
544.0,850,70.0,80,279.9177632,270.0,48.62,1.819093301,45.90054545,32.0,Poor
913.92,1428,136.0,150,419.8684211,360.0,77.792,2.88572184,140.3187727,40.0,Poor
571.52,893,71.0,70,299.9013158,230.0,58.344,1.782548385,132.2660455,24.0,Poor
836.48,1307,136.0,170,359.8848684,370.0,68.068,3.116946004,23.55422727,32.0,Poor
283.52,443,16.97,70,179.9917763,80.0,4.862,0.549955658,46.411491,64.0,Moderate
660.48,1032,83.17,140,299.9671053,160.0,19.448,2.087863247,95.53353,88.0,Poor
878.72,1373,83.67,110,499.8848684,440.0,68.068,1.627072622,76.53312,88.0,Poor
248.32,388,16.53,20,159.9588816,100.0,24.31,0.568251824,0.296743,24.0,Moderate
2346.24,3666,396.6,480,979.6546053,660.0,204.204,5.509198006,535.909,56.0,Bad
564.48,882,88.89,30,239.9259868,330.0,43.758,2.495091205,20.174095,24.0,Poor
515.2,805,20.9,80,259.9671053,150.0,19.448,0.563584773,140.17785,72.0,Poor
2777.6,4340,748.1,790,559.7779605,800.0,131.274,13.7475061,210.20034,8.0,Bad
439.68,687,44.94,40,219.9671053,270.0,19.448,1.317426401,0.713069,56.0,Moderate
794.88,1242,81.1,150,459.9177632,330.0,48.62,1.644193498,98.7667,104.0,Poor
1048.32,1638,178.8,340,339.9177632,290.0,48.62,4.216506249,0.097438,56.0,Poor
904.96,1414,161.3,70,359.9177632,550.0,48.62,3.696620698,0.150586,64.0,Poor
1001.6,1565,273.7,190,199.9259868,330.0,43.758,8.416128101,162.27856,8.0,Poor
1024.0,1600,282.3,120,179.9506579,560.0,29.172,9.149688794,52.12933,24.0,Poor
414.08,647,10.48,20,279.9588816,260.0,24.31,0.272324253,15.802672,72.0,Moderate
361.6,565,16.0,70,279.9506579,150.0,29.172,0.415768326,23.95686364,64.0,Moderate
238.08,372,27.0,60,179.9424342,130.0,34.034,0.875123069,24.76213636,16.0,Moderate
167.04,261,14.0,40,140.0,100.0,5.0,0.51444172,14.09227273,56.0,Moderate
807.04,1261,28.0,260,579.8273026,200.0,102.102,0.505569498,44.89395455,64.0,Poor
813.44,1271,101.23,160,399.9342105,320.0,38.896,2.200833171,57.1341,96.0,Poor
283.52,443,30.74,50,159.9835526,150.0,9.724,1.056667522,2.83456,48.0,Moderate
1040.0,1625,193.6,190,379.9342105,370.0,38.896,4.318404469,162.1014,88.0,Poor
356.48,557,56.79,80,159.9753289,140.0,14.586,1.952169516,2.43595,40.0,Moderate
580.48,907,70.19,160,279.9424342,160.0,34.034,1.823950463,48.719,56.0,Poor
995.2,1555,88.0,140,559.9588816,370.0,24.31,1.616876196,190.447,184.0,Poor
991.36,1549,119.0,170,499.8601974,450.0,82.654,2.314167804,54.4767,64.0,Poor
771.2,1205,114.0,140,359.9424342,340.0,34.034,2.612525214,50.0477,88.0,Poor
518.4,810,15.0,40,379.8766447,270.0,72.93,0.334612473,40.86759091,32.0,Poor
522.88,817,29.0,110,339.9177632,200.0,48.62,0.683885242,45.90054545,56.0,Poor
542.08,847,30.0,110,339.9095395,200.0,53.482,0.70747605,45.69922727,48.0,Poor
252.8,395,25.0,50,179.9588816,130.0,24.31,0.810262109,6.442181818,32.0,Moderate
739.84,1156,33.0,250,519.8190789,220.0,106.964,0.629303281,3.221090909,32.0,Poor
495.36,774,28.0,80,439.8601974,330.0,82.654,0.580460756,20.13181818,40.0,Poor
291.2,455,23.0,50,219.9835526,150.0,9.724,0.674225066,7.046136364,72.0,Moderate
453.12,708,24.0,120,279.9506579,120.0,29.172,0.623652488,43.88736364,64.0,Moderate
1023.36,1599,51.0,400,679.84375,120.0,92.378,0.85042846,43.68604545,120.0,Poor
554.24,866,37.0,100,399.8930921,300.0,63.206,0.804455337,12.88436364,56.0,Poor
517.76,809,23.0,120,299.9177632,110.0,48.62,0.577429418,43.48472727,40.0,Poor
332.16,519,24.0,80,239.9671053,120.0,19.448,0.673608486,26.17136364,64.0,Moderate
538.88,842,25.0,60,359.8601974,300.0,82.654,0.572987656,23.35290909,8.0,Poor
953.6,1490,94.0,200,439.8601974,310.0,82.654,1.94868968,13.48831818,40.0,Poor
343.68,537,54.0,50,200.0,200.0,9.724,1.660232015,10.06590909,64.0,Moderate
953.6,1490,135.0,170,620.0,440.0,102.102,2.357602488,128.0383636,80.0,Poor
1014.4,1585,85.0,70,560.0,390.0,53.482,1.56182423,142.1306364,136.0,Poor
980.48,1532,166.0,90,280.0,320.0,9.724,4.313342972,136.6950455,96.0,Poor
471.04,736,110.0,60,219.9753289,340.0,24.31,3.224735494,0.805272727,48.0,Moderate
1321.6,2065,254.0,240,660.0,660.0,126.412,4.299364558,82.33913636,56.0,Poor
1081.6,1690,125.0,360,659.8026316,220.0,116.688,2.115802643,34.82804545,72.0,Poor
1153.28,1802,202.0,380,399.9177632,160.0,48.62,4.391755826,69.0924,80.0,Poor
1365.76,2134,86.0,400,859.8848684,280.0,68.068,1.275118251,173.1739,232.0,Poor
1591.04,2486,255.0,500,659.8766447,310.0,72.93,4.315995326,120.9117,144.0,Bad
6079.36,9499,732.0,2480,3479.226974,500.0,457.028,5.395626316,119.583,640.0,Bad
585.6,915,47.0,150,359.9671053,140.0,19.448,1.077056818,80.1649,112.0,Poor
2234.24,3491,630.0,570,419.8848684,800.0,68.068,13.36742024,114.2682,56.0,Bad
486.4,760,39.0,50,299.9835526,180.0,9.724,0.979012076,124.4549,104.0,Poor
1338.88,2092,191.0,330,579.9259868,410.0,43.758,3.448412782,93.4519,160.0,Poor
1016.32,1588,99.0,280,519.8848684,260.0,68.068,1.887790386,92.5661,96.0,Poor
2128.0,3325,513.0,580,659.84375,420.0,92.378,8.682983493,335.7182,112.0,Bad
1102.72,1723,345.0,110,159.9506579,550.0,29.172,11.86037017,5.93486,16.0,Poor
853.76,1334,94.0,150,459.9342105,410.0,38.896,1.905689585,30.47152,120.0,Poor
659.2,1030,54.33,70,399.9671053,340.0,19.448,1.181135524,54.29954,128.0,Poor
690.56,1079,28.53,120,479.9342105,320.0,38.896,0.566217231,47.70033,128.0,Poor
910.08,1422,97.0,210,499.9835526,350.0,9.724,1.886105751,42.0755,184.0,Poor
1202.56,1879,65.7,260,779.8766447,410.0,72.93,1.022879739,150.80745,192.0,Poor
588.16,919,28.51,30,419.9753289,390.0,14.586,0.604863658,37.07073,144.0,Poor
999.04,1561,145.7,160,459.9671053,470.0,19.448,2.953713233,69.9782,152.0,Poor
1525.12,2383,260.0,430,579.9013158,550.0,58.344,4.694274319,10.89534,136.0,Bad
458.88,717,53.96,20,259.9835526,320.0,9.724,1.455027387,21.12633,88.0,Moderate
293.12,458,30.58,50,159.9753289,120.0,14.586,1.051194643,7.21927,40.0,Moderate
744.32,1163,96.0,100,379.9588816,380.0,24.31,2.141288067,51.02208,112.0,Poor
1016.96,1589,60.76,250,659.9177632,370.0,48.62,1.028359631,59.57005,184.0,Poor
736.0,1150,57.0,160,459.9753289,290.0,14.586,1.155526076,83.17662,160.0,Poor
616.32,963,54.0,50,379.9259868,400.0,43.758,1.204526679,16.60875,80.0,Poor
605.44,946,72.92,70,319.8848684,340.0,68.068,1.772645838,15.63437,16.0,Poor
1377.92,2153,234.0,300,579.8930921,420.0,63.206,4.224876844,233.45259,128.0,Poor
521.6,815,35.27,30,359.9506579,360.0,29.172,0.808269401,21.08204,96.0,Poor
416.0,650,41.68,100,239.9835526,160.0,9.724,1.169793315,20.55056,80.0,Moderate
441.6,690,31.03,40,299.9506579,260.0,29.172,0.778984884,39.50668,72.0,Moderate
862.72,1348,48.0,110,579.8601974,450.0,82.654,0.866665985,39.59526,96.0,Poor
307.2,480,34.0,60,159.9753289,120.0,14.586,1.168757942,13.287,40.0,Moderate
569.6,890,70.0,90,299.9506579,280.0,29.172,1.757297514,31.60695455,72.0,Poor
561.28,877,82.0,120,279.9588816,230.0,24.31,2.130781372,55.76513636,72.0,Poor
816.0,1275,120.0,120,259.9588816,250.0,24.31,3.235944617,68.24686364,64.0,Poor
453.76,709,70.0,100,199.9753289,170.0,14.586,2.152196863,19.52786364,56.0,Moderate
1100.8,1720,170.3,320,479.8848684,220.0,68.068,3.380012325,163.873,80.0,Poor
737.28,1152,86.0,150,379.8766447,290.0,72.93,1.918444848,67.3208,32.0,Poor
2164.48,3382,330.0,780,899.84375,100.0,92.378,4.783023907,471.6885,208.0,Bad
590.72,923,65.78,80,319.8930921,170.0,63.206,1.599055738,104.0815,24.0,Poor
336.0,525,56.0,50,139.9671053,180.0,19.448,2.058008673,1.55015,24.0,Moderate
629.12,983,86.68,130,299.9259868,280.0,43.758,2.176125902,0.13287,48.0,Poor
833.92,1303,95.46,290,439.8684211,150.0,77.792,1.978938063,77.9504,48.0,Poor
353.28,552,52.93,70,159.9753289,140.0,14.586,1.819481114,4.78332,40.0,Moderate
659.2,1030,57.0,80,359.9095395,350.0,53.482,1.3063223,31.66735,56.0,Poor
490.24,766,23.08,50,319.9588816,260.0,24.31,0.560997445,10.23099,88.0,Poor
1673.6,2615,560.0,170,59.99177632,850.0,4.862,31.43506266,59.7915,16.0,Bad
586.88,917,90.01,80,259.9259868,300.0,43.758,2.427381708,10.27528,32.0,Poor
1857.92,2903,238.7,320,879.7368421,270.0,155.584,3.499034246,797.22,96.0,Bad
422.4,660,56.0,80,199.9753289,160.0,14.586,1.721757491,18.46893,56.0,Moderate
998.4,1560,78.63,110,679.7615132,380.0,140.998,1.311239893,349.4481,40.0,Poor
586.24,916,129.0,60,199.9835526,360.0,9.724,3.966109813,22.145,64.0,Poor
447.36,699,96.0,50,179.9835526,260.0,9.724,3.111193244,38.85440909,56.0,Moderate
435.84,681,80.0,40,139.9917763,220.0,4.862,2.939753316,45.49790909,48.0,Moderate
227.84,356,7.0,30,119.9753289,80.0,14.586,0.277858847,13.48831818,24.0,Moderate
497.28,777,102.0,70,199.9917763,300.0,4.862,3.135929329,13.287,72.0,Poor
380.16,594,23.0,40,259.9753289,240.0,14.586,0.620203099,12.48172727,80.0,Moderate
1150.72,1798,172.0,240,479.8684211,390.0,77.792,3.413811408,87.97604545,64.0,Poor
1116.8,1745,180.0,180,419.8848684,340.0,68.068,3.819262925,177.5626364,56.0,Poor
1115.52,1743,180.0,150,479.8684211,470.0,77.792,3.572593334,165.4835455,64.0,Poor
344.96,539,49.0,60,159.9753289,160.0,14.586,1.684386446,7.247454545,40.0,Moderate
726.4,1135,118.0,50,319.9177632,430.0,48.62,2.868368827,29.39245455,48.0,Poor
349.44,546,41.0,50,139.9753289,130.0,14.586,1.506712087,6.442181818,32.0,Moderate
736.0,1150,119.0,60,319.9177632,410.0,48.62,2.892677037,61.80468182,48.0,Poor
326.4,510,33.0,50,159.9671053,140.0,19.448,1.134411867,4.831636364,32.0,Moderate
524.8,820,92.0,80,219.9342105,180.0,38.896,2.69720277,32.19883,24.0,Poor
2042.88,3192,406.0,430,559.8601974,440.0,82.654,7.460336229,469.0311,88.0,Bad
663.68,1037,73.0,170,339.9506579,190.0,29.172,1.721420938,68.02944,88.0,Poor
565.76,884,135.0,90,159.9588816,250.0,24.31,4.640895111,3.05601,24.0,Poor
612.48,957,161.0,30,159.9588816,380.0,24.31,5.534697132,0.97438,24.0,Poor
938.24,1466,84.0,290,559.9259868,230.0,43.758,1.543427159,52.21791,152.0,Poor
821.76,1284,116.0,190,379.9259868,270.0,43.758,2.587501755,55.8054,80.0,Poor
314.24,491,44.0,50,179.9835526,140.0,9.724,1.42596357,7.04211,56.0,Moderate
863.36,1349,164.0,190,299.9342105,300.0,38.896,4.117209914,81.0507,56.0,Poor
1267.2,1980,155.0,320,659.8930921,360.0,63.206,2.623415445,162.1014,160.0,Poor
2143.36,3349,413.0,690,859.6875,490.0,184.756,6.124235881,181.589,40.0,Bad
1002.24,1566,182.0,370,359.9259868,150.0,43.758,4.170968884,34.1033,72.0,Poor
590.72,923,57.0,120,379.9424342,300.0,34.034,1.271417308,24.15818182,96.0,Poor
493.44,771,75.0,100,279.9835526,280.0,9.724,1.948799535,10.66986364,96.0,Poor
1104.64,1726,205.0,260,499.8848684,460.0,68.068,3.986493218,0.805272727,88.0,Poor
849.28,1327,175.0,150,299.9835526,400.0,9.724,4.393002907,6.240863636,104.0,Poor
250.88,392,13.0,20,159.9753289,150.0,14.586,0.446878037,9.260636364,40.0,Moderate
345.6,540,58.0,30,179.9835526,260.0,9.724,1.879679252,0.201318182,56.0,Moderate
633.6,990,104.57,100,279.9506579,340.0,29.172,2.717305863,16.56446,64.0,Poor
517.76,809,86.0,90,239.9753289,270.0,14.586,2.413722381,17.76029,72.0,Poor
622.08,972,85.4,100,339.9424342,360.0,34.034,2.013851045,10.36386,80.0,Poor
1440.0,2250,241.0,440,599.9177632,430.0,48.62,4.278025273,57.22268,160.0,Bad
930.56,1454,85.0,230,559.9013158,320.0,58.344,1.5618357,99.2096,128.0,Poor
1030.4,1610,165.0,230,459.9177632,460.0,48.62,3.345153233,17.716,104.0,Poor
832.64,1301,51.3,80,559.8766447,500.0,72.93,0.942634549,39.01949,104.0,Poor
682.88,1067,82.45,120,359.9342105,320.0,38.896,1.889518988,27.68125,80.0,Poor
1948.16,3044,349.6,550,699.9506579,470.0,29.172,5.745262481,223.2216,232.0,Bad
1083.52,1693,99.32,250,639.8930921,460.0,63.206,1.70708507,22.145,152.0,Poor
1793.28,2802,151.6,530,1059.835526,430.0,97.24,2.02466012,217.021,264.0,Bad
1064.96,1664,191.7,280,419.9013158,390.0,58.344,4.067435353,20.55056,72.0,Poor
820.48,1282,79.78,110,479.8930921,470.0,63.206,1.583412054,21.56923,88.0,Poor
1109.76,1734,103.81,320,639.9013158,310.0,58.344,1.7842465,79.722,160.0,Poor
1175.68,1837,105.87,340,679.9259868,330.0,43.758,1.765282667,85.0368,200.0,Poor
602.88,942,61.37,120,359.9506579,270.0,29.172,1.406393341,46.9474,96.0,Poor
1717.12,2683,118.0,480,1039.777961,400.0,131.274,1.591050145,221.0071,200.0,Bad
441.6,690,35.73,50,279.9342105,260.0,38.896,0.928489917,17.716,48.0,Moderate
844.8,1320,85.0,190,479.9506579,250.0,29.172,1.686913423,144.8283,144.0,Poor
925.44,1446,218.0,190,279.9259868,450.0,43.758,5.665093063,13.287,40.0,Poor
248.96,389,17.8,30,159.9671053,150.0,19.448,0.611894886,0.3,32.0,Moderate
284.16,444,28.0,60,159.9588816,130.0,24.31,0.962556023,1.01867,24.0,Moderate
2972.16,4644,148.0,1000,1879.835526,310.0,97.24,1.484136865,528.8226,592.0,Bad
593.28,927,101.0,60,259.9424342,350.0,34.034,2.723672883,29.85146,48.0,Poor
1267.2,1980,224.0,200,539.8930921,620.0,63.206,4.191469371,66.0,112.0,Poor
220.16,344,6.0,20,179.9753289,150.0,14.586,0.19445402,3.019772727,48.0,Moderate
218.88,342,19.0,40,139.9753289,110.0,14.586,0.698232431,3.825045455,32.0,Moderate
766.08,1197,76.0,40,299.9259868,280.0,43.758,1.908001483,15.5015,48.0,Poor
430.08,672,75.0,80,219.9671053,200.0,19.448,2.198642191,7.448772727,56.0,Moderate
1014.4,1585,103.0,260,479.9506579,220.0,29.172,2.044142148,190.447,144.0,Poor
743.68,1162,25.0,150,439.9835526,370.0,9.724,0.518195875,3.67607,160.0,Poor
1036.8,1620,98.0,200,639.9424342,380.0,34.034,1.684332332,221.45,200.0,Poor
1392.0,2175,116.0,370,839.8684211,390.0,77.792,1.740301631,190.447,208.0,Poor
1936.64,3026,288.0,540,899.6546053,390.0,204.204,4.174714189,416.326,24.0,Bad
1017.6,1590,157.0,280,439.9013158,340.0,58.344,3.254574264,3.27746,80.0,Poor
1589.12,2483,241.0,590,719.7697368,280.0,136.136,3.905641847,73.0785,64.0,Bad
1658.88,2592,181.0,460,859.7121711,330.0,170.17,2.683948642,349.0052,64.0,Bad
370.56,579,33.0,70,219.9753289,140.0,14.586,0.967384481,39.861,64.0,Moderate
1449.6,2265,95.0,300,879.8930921,410.0,63.206,1.392453866,301.172,248.0,Bad
892.16,1394,240.0,60,179.9753289,560.0,14.586,7.778160809,5.18193,48.0,Poor
690.56,1079,101.0,110,319.9342105,340.0,38.896,2.455066142,14.03993,64.0,Poor
1232.0,1925,378.3,90,219.9259868,690.0,43.758,11.09098788,188.2325,16.0,Poor
1043.2,1630,152.0,240,499.8355263,290.0,97.24,2.955984766,198.8621,40.0,Poor
923.52,1443,104.61,230,499.9342105,350.0,38.896,2.034177929,18.278483,136.0,Poor
536.96,839,70.0,50,279.9177632,310.0,48.62,1.819093301,28.7885,32.0,Poor
963.84,1506,110.5,170,519.9424342,310.0,34.034,2.106962521,219.27979,152.0,Poor
347.52,543,52.0,80,199.9506579,160.0,29.172,1.598873443,3.215454,32.0,Moderate
534.4,835,35.26,90,339.9588816,260.0,24.31,0.831459837,16.3873,96.0,Poor
899.84,1406,75.0,230,539.8519737,230.0,87.516,1.403447207,151.0289,72.0,Poor
515.2,805,22.94,50,339.9177632,200.0,48.62,0.540976809,135.0845,56.0,Poor
636.8,995,214.0,50,59.99177632,380.0,4.862,12.01268466,18.119039,16.0,Poor
1898.88,2967,599.0,240,159.9588816,1070.0,24.31,20.59182349,13.10984,24.0,Bad
894.08,1397,59.38,150,559.9588816,440.0,24.31,1.091023961,1.7716,184.0,Poor
325.12,508,44.0,100,199.9588816,120.0,24.31,1.352865093,23.20796,40.0,Moderate
755.2,1180,91.0,150,399.9259868,310.0,43.758,1.978443917,38.44372,88.0,Poor
883.84,1381,78.29,170,519.9095395,260.0,53.482,1.492844471,220.25417,120.0,Poor
1739.52,2718,125.0,670,1079.835526,360.0,97.24,1.653877623,17.22881,272.0,Bad
1804.16,2819,408.3,540,499.9506579,570.0,29.172,7.93940528,28.38989,152.0,Bad
332.16,519,48.48,80,159.9753289,130.0,14.586,1.666511325,2.39166,40.0,Moderate
844.8,1320,282.0,50,59.98355263,530.0,9.724,15.8308845,15.111748,8.0,Poor
962.56,1504,113.95,220,499.9588816,390.0,24.31,2.215742814,35.65345,160.0,Poor
1372.16,2144,213.6,400,599.84375,430.0,92.378,3.79187789,38.26656,88.0,Poor
602.88,942,45.75,40,379.9424342,380.0,34.034,1.020479681,34.28046,96.0,Poor
582.4,910,40.32,50,379.9177632,350.0,48.62,0.899389654,37.82366,72.0,Poor
648.96,1014,95.01,160,299.9259868,230.0,43.758,2.385252907,20.46198,48.0,Poor
844.8,1320,55.96,240,539.9177632,270.0,48.62,1.047094942,36.920144,136.0,Poor
1331.2,2080,380.0,110,239.9342105,820.0,38.896,10.66619877,58.9057,32.0,Poor
602.88,942,45.75,40,379.9424342,380.0,34.034,1.020479681,34.28046,96.0,Poor
1383.68,2162,427.5,200,159.9588816,590.0,24.31,14.69616785,172.731,24.0,Poor
347.52,543,52.0,80,199.9506579,160.0,29.172,1.598873443,3.215454,32.0,Moderate
323.2,505,50.0,70,139.9506579,130.0,29.172,1.837615715,5.49196,8.0,Moderate
1436.16,2244,283.8,390,499.8684211,450.0,77.792,5.518953113,108.9534,72.0,Poor
966.4,1510,148.9,130,419.8848684,550.0,68.068,3.159379164,8.4151,56.0,Poor
1658.88,2592,208.0,470,779.7944079,330.0,121.55,3.238511479,271.45341,112.0,Bad
1029.12,1608,188.8,340,379.9177632,280.0,48.62,4.211427747,3.0,72.0,Poor
630.4,985,29.78,110,419.9177632,250.0,48.62,0.631851083,79.98774,88.0,Poor
1009.28,1577,95.0,380,579.8848684,170.0,68.068,1.715239941,69.5353,120.0,Poor
1515.52,2368,142.3,500,859.7532895,230.0,145.86,2.110037341,240.4947,104.0,Bad
654.72,1023,170.4,50,159.9588816,400.0,24.31,5.85784094,2.2145,24.0,Poor
2933.76,4584,391.4,990,1359.810855,220.0,111.826,4.614809026,520.8504,360.0,Bad
1131.52,1768,153.4,260,539.8684211,390.0,77.792,2.870473628,95.97643,88.0,Poor
511.36,799,96.96,10,199.9588816,380.0,24.31,2.981222713,16.3873,40.0,Poor
1582.08,2472,325.5,490,539.7944079,400.0,121.55,6.091285653,46.0616,16.0,Bad
585.6,915,106.45,100,219.9506579,270.0,29.172,3.120722823,5.3148,40.0,Poor
832.64,1301,103.0,120,459.8766447,430.0,72.93,2.088279916,66.23368182,64.0,Poor
633.6,990,110.0,140,259.9342105,250.0,38.896,2.966423331,21.13840909,40.0,Poor
501.12,783,82.0,20,219.9342105,320.0,38.896,2.404028556,50.53086364,24.0,Poor
825.6,1290,89.0,140,459.8766447,380.0,72.93,1.804436044,72.87718182,64.0,Poor
622.08,972,92.0,110,299.9095395,290.0,53.482,2.309749338,43.48472727,32.0,Poor
467.84,731,64.0,90,239.9342105,230.0,38.896,1.796412425,16.50809091,32.0,Moderate
277.76,434,38.0,50,139.9588816,140.0,24.31,1.396546912,2.617136364,16.0,Moderate
887.68,1387,101.0,270,479.9095395,250.0,53.482,2.004535936,47.71240909,104.0,Poor
887.04,1386,138.0,190,399.9013158,330.0,58.344,3.000370134,87.37209091,64.0,Poor
407.68,637,45.0,60,219.9342105,200.0,38.896,1.319283964,23.75554545,24.0,Moderate
1006.08,1572,133.0,160,499.8930921,370.0,63.206,2.586337741,196.8891818,96.0,Poor
712.96,1114,72.44,90,419.9506579,400.0,29.172,1.536920745,35.96348,120.0,Poor
2753.92,4303,208.0,1060,1659.555921,520.0,262.548,2.219931396,69.5353,232.0,Bad
1031.68,1612,125.0,220,559.9588816,410.0,24.31,2.296699143,70.864,184.0,Poor
597.76,934,84.0,60,279.9753289,360.0,14.586,2.182687535,0.651063,88.0,Poor
510.72,798,38.05,50,319.9671053,300.0,19.448,0.924856086,21.635665,96.0,Poor
748.16,1169,91.0,130,379.9506579,350.0,29.172,2.029784613,20.670143,104.0,Poor
486.4,760,37.07,40,299.9753289,300.0,14.586,0.930576285,13.7299,96.0,Poor
597.76,934,86.2,60,279.9424342,350.0,34.034,2.239984754,17.93745,56.0,Poor
560.64,876,114.0,60,199.9506579,330.0,29.172,3.505222547,3.228741,32.0,Poor
590.08,922,30.0,90,399.9588816,280.0,24.31,0.652207436,48.09894,120.0,Poor
1016.96,1589,80.0,180,639.8930921,420.0,63.206,1.375018179,124.012,152.0,Poor
721.92,1128,58.0,100,439.9588816,290.0,24.31,1.202248137,145.7141,136.0,Poor
1276.8,1995,200.0,270,619.8684211,480.0,77.792,3.492628581,126.2265,120.0,Poor
773.12,1208,72.41,150,439.9342105,320.0,38.896,1.500986699,45.57441,112.0,Poor
1009.92,1578,140.0,270,479.9753289,340.0,14.586,2.77837423,14.1728,168.0,Poor
986.24,1541,77.0,170,619.8519737,480.0,87.516,1.344679844,34.81194,104.0,Poor
705.28,1102,85.48,130,359.9424342,330.0,34.034,1.958935573,14.1728,88.0,Poor
2598.4,4060,505.0,430,1059.84375,420.0,92.378,6.744389142,79.722,272.0,Bad
1208.32,1888,250.0,180,419.9424342,520.0,34.034,5.304168255,84.151,112.0,Poor
1079.04,1686,105.72,230,599.9177632,310.0,48.62,1.876650755,186.018,160.0,Poor
673.28,1052,70.0,100,379.9177632,330.0,48.62,1.561440372,47.43459,72.0,Poor
634.24,991,56.0,90,379.9259868,340.0,43.758,1.249138778,19.22186,80.0,Poor
568.96,889,83.0,50,279.9177632,360.0,48.62,2.156924914,12.31262,32.0,Poor
567.04,886,43.0,120,319.9177632,170.0,48.62,1.045253047,32.21090909,48.0,Poor
366.08,572,55.0,90,219.9671053,180.0,19.448,1.612337607,15.09886364,56.0,Moderate
1003.52,1568,268.0,240,239.9671053,320.0,19.448,7.521961422,7.448772727,64.0,Poor
442.88,692,64.0,100,299.9588816,170.0,24.31,1.606649988,42.27681818,80.0,Moderate
463.36,724,32.0,80,279.9259868,180.0,43.758,0.831573294,30.60036364,40.0,Moderate
430.08,672,81.0,130,139.9835526,100.0,9.724,2.976587662,19.4876,40.0,Moderate
1637.12,2558,226.0,510,719.8519737,410.0,87.516,3.662342892,89.15577,144.0,Bad
474.88,742,34.0,60,299.9588816,260.0,24.31,0.853532806,32.46457,80.0,Moderate
569.6,890,57.98,40,299.9013158,290.0,58.344,1.45566416,86.8084,24.0,Poor
1362.56,2129,174.0,450,699.8766447,310.0,72.93,2.859635381,134.6416,160.0,Poor
1246.72,1948,202.2,330,499.9342105,250.0,38.896,3.931849509,245.8095,136.0,Poor
656.64,1026,50.55,140,399.9753289,200.0,14.586,1.098946934,113.3824,136.0,Poor
803.2,1255,49.0,140,559.9259868,360.0,43.758,0.900332509,100.0954,152.0,Poor
2890.24,4516,336.6,610,1119.810855,440.0,111.826,4.373347016,1028.0,264.0,Bad
593.92,928,89.54,80,259.9342105,290.0,38.896,2.414668592,46.0616,40.0,Poor
921.6,1440,61.5,160,559.9095395,430.0,53.482,1.130025767,18.1589,136.0,Poor
1104.0,1725,179.8,270,459.9095395,360.0,53.482,3.645235931,104.9673,96.0,Poor
2513.92,3928,159.6,860,1599.745066,440.0,150.722,1.73492083,19.4876,392.0,Bad
1098.24,1716,57.01,280,719.8766447,340.0,72.93,0.923834471,108.5105,168.0,Poor
612.48,957,56.0,100,339.9753289,300.0,14.586,1.320494175,8.858,112.0,Poor
1003.52,1568,60.15,240,639.8930921,260.0,63.206,1.033841794,186.018,152.0,Poor
1784.96,2789,75.25,450,1199.786184,310.0,126.412,0.944553888,461.0,272.0,Bad
657.28,1027,42.8,60,419.9506579,400.0,29.172,0.908064714,26.574,120.0,Poor
1082.24,1691,137.0,230,539.9095395,420.0,53.482,2.56349356,81.9365,128.0,Poor
1952.0,3050,101.92,550,1299.728618,360.0,160.446,1.229150998,427.61995,256.0,Bad
468.48,732,45.75,40,259.9835526,290.0,9.724,1.233645348,3.445762,88.0,Moderate
273.92,428,11.99,40,179.9835526,150.0,9.724,0.388575073,1.585582,56.0,Moderate
853.76,1334,110.8,190,439.9259868,380.0,43.758,2.296794375,10.904198,104.0,Poor
877.44,1371,84.93,130,499.9095395,480.0,53.482,1.651534217,10.080404,112.0,Poor
2009.6,3140,195.1,530,1039.777961,570.0,131.274,2.630626129,189.38404,200.0,Bad
1573.12,2458,261.1,430,619.9342105,370.0,38.896,4.559384665,193.85733,184.0,Bad
1345.92,2103,140.8,430,719.9013158,350.0,58.344,2.281593837,8.587831,192.0,Poor
629.12,983,56.37,70,359.9588816,350.0,24.31,1.291795454,12.26833,104.0,Poor
797.44,1246,79.73,140,439.9506579,390.0,29.172,1.652692067,12.290475,128.0,Poor
428.8,670,50.0,50,259.9506579,240.0,29.172,1.348331584,46.5045,56.0,Moderate
764.16,1194,44.0,200,479.8848684,230.0,68.068,0.873285627,86.3655,80.0,Poor
760.32,1188,142.0,180,239.9259868,250.0,43.758,3.985858376,45.6187,24.0,Poor
569.6,890,93.0,100,259.9506579,290.0,29.172,2.507896747,22.5879,56.0,Poor
872.96,1364,98.0,300,399.9013158,140.0,58.344,2.130697632,36.98215,64.0,Poor
385.92,603,29.6,40,259.9342105,230.0,38.896,0.798237551,41.6326,40.0,Moderate
207.36,324,11.7,30,119.9835526,100.0,9.724,0.4644053,9.7438,32.0,Moderate
855.04,1336,147.0,180,339.9671053,320.0,19.448,3.466339132,74.48772727,104.0,Poor
485.12,758,79.0,80,219.9588816,220.0,24.31,2.3159464,57.77831818,48.0,Poor
498.56,779,43.0,20,299.9095395,320.0,53.482,1.079556756,42.67945455,32.0,Poor
1136.64,1776,174.0,290,519.8766447,420.0,72.93,3.31796086,57.17436364,88.0,Poor
796.16,1244,121.0,160,339.9095395,310.0,53.482,2.853486733,38.04913636,48.0,Poor
695.04,1086,96.0,130,319.9506579,280.0,29.172,2.333468235,58.18095455,80.0,Poor
544.0,850,55.55,30,299.9588816,310.0,24.31,1.394521982,57.577,80.0,Poor
531.2,830,51.81,60,319.9095395,300.0,53.482,1.259424568,31.0,40.0,Poor
816.0,1275,64.29,60,499.9177632,520.0,48.62,1.250162033,27.0,120.0,Poor
693.76,1084,27.17,60,479.9835526,310.0,9.724,0.539198437,143.0,176.0,Poor
634.24,991,90.2,100,299.9424342,310.0,34.034,2.26443441,3.494481,64.0,Poor
493.44,771,32.6,50,299.9342105,280.0,38.896,0.818420995,9.47806,56.0,Poor
3191.04,4986,464.2,1270,1439.802632,430.0,116.688,5.318948907,165.2017,384.0,Bad
382.72,598,39.0,30,199.9506579,180.0,29.172,1.199155082,26.0,32.0,Moderate
1723.52,2693,300.0,470,719.8930921,440.0,63.206,4.861378272,217.021,184.0,Bad
453.12,708,91.0,90,179.9671053,210.0,19.448,2.949286689,18.29177,40.0,Moderate
738.56,1154,60.3,240,419.9095395,180.0,53.482,1.279415493,24.0,80.0,Poor
396.8,620,39.96,80,199.9424342,40.0,34.034,1.228698013,24.00518,24.0,Moderate
2046.08,3197,209.0,770,1039.786184,290.0,126.412,2.818035299,185.1322,208.0,Bad
1017.6,1590,118.0,310,519.8848684,130.0,68.068,2.250093591,221.0071,96.0,Poor
416.0,650,58.0,70,199.9424342,150.0,34.034,1.783395514,20.10766,24.0,Moderate
294.4,460,42.0,20,139.9671053,130.0,19.448,1.543506504,25.99823,24.0,Moderate
371.2,580,35.0,30,219.9342105,140.0,38.896,1.026109749,40.0,24.0,Moderate
418.56,654,34.0,80,259.9424342,170.0,34.034,0.91687998,45.0,48.0,Moderate
702.08,1097,56.78,240,419.9013158,150.0,58.344,1.204741676,53.0,72.0,Poor
319.36,499,18.0,40,219.9506579,110.0,29.172,0.527693854,47.3903,40.0,Moderate
1091.2,1705,196.0,350,419.9342105,300.0,38.896,4.15850863,34.0,104.0,Poor
371.2,580,19.0,20,259.9506579,250.0,29.172,0.512366002,15.0,56.0,Moderate
353.28,552,17.0,40,239.9671053,180.0,19.448,0.477139344,30.0,64.0,Moderate
408.32,638,73.0,50,179.9753289,240.0,14.586,2.365857246,17.05165,48.0,Moderate
409.6,640,69.79,50,179.9753289,240.0,14.586,2.261824345,9.56664,48.0,Moderate
809.6,1265,84.08,230,439.9259868,270.0,43.758,1.742910389,5.09335,104.0,Poor
411.52,643,72.96,50,179.9835526,250.0,9.724,2.364506865,16.8302,56.0,Moderate
812.8,1270,83.71,220,439.9342105,280.0,38.896,1.73522437,3.72036,112.0,Poor
406.4,635,66.7,50,179.9753289,240.0,14.586,2.161680525,9.3009,48.0,Moderate
453.76,709,72.09,60,219.9753289,260.0,14.586,2.11329537,16.87449,64.0,Moderate
2585.6,4040,312.0,830,1359.555921,460.0,262.548,3.67898672,367.607,112.0,Bad
1570.56,2454,246.0,500,699.7697368,400.0,136.136,4.043241599,42.88077273,56.0,Bad
469.12,733,60.0,120,239.9177632,160.0,48.62,1.684194375,32.41222727,16.0,Moderate
837.12,1308,110.0,160,419.8766447,380.0,72.93,2.334016867,44.29,48.0,Poor
821.12,1283,133.0,190,359.8848684,330.0,68.068,3.048189842,41.27022727,32.0,Poor
304.64,476,42.0,40,159.9506579,130.0,29.172,1.443871151,35.83463636,16.0,Moderate
1482.24,2316,214.0,350,699.8026316,420.0,116.688,3.517208805,245.0042273,88.0,Bad
828.8,1295,117.0,180,399.8848684,340.0,68.068,2.543844383,45.69922727,48.0,Poor
874.88,1367,132.0,320,399.8766447,190.0,72.93,2.87000779,18.52127273,40.0,Poor
354.56,554,44.0,70,199.9424342,150.0,34.034,1.352920735,18.92390909,24.0,Moderate
803.2,1255,108.0,200,379.9259868,200.0,43.758,2.409053359,93.41163636,80.0,Poor
487.04,761,72.0,90,219.9588816,190.0,24.31,2.110735959,53.75195455,48.0,Poor
1033.6,1615,160.0,250,419.9177632,200.0,48.62,3.394767404,192.0575455,88.0,Poor
1236.48,1932,195.0,220,459.8930921,360.0,63.206,3.95346895,173.9389091,80.0,Poor
1394.56,2179,302.0,360,439.9095395,400.0,53.482,6.260332743,118.5764091,88.0,Poor
659.2,1030,98.0,110,299.9259868,280.0,43.758,2.460317702,58.78490909,48.0,Poor
1257.6,1965,290.0,360,499.84375,560.0,92.378,5.639661383,18.73467,48.0,Poor
1400.32,2188,122.1,390,819.8108553,410.0,111.826,1.854090786,54.12238,144.0,Poor
968.96,1514,107.65,210,519.9095395,320.0,53.482,2.052684983,119.1401,120.0,Poor
953.6,1490,133.2,110,459.9177632,570.0,48.62,2.700450974,33.2175,104.0,Poor
919.04,1436,205.8,180,219.9506579,340.0,29.172,6.033299736,179.3745,40.0,Poor
510.08,797,58.08,90,299.9259868,240.0,43.758,1.458114818,32.64173,48.0,Poor
278.4,435,33.18,40,199.9506579,190.0,29.172,1.020204247,18.51322,32.0,Moderate
579.84,906,55.93,150,339.9588816,230.0,24.31,1.31887546,37.51363,96.0,Poor
2098.56,3279,295.2,510,959.9424342,240.0,34.034,4.142532479,578.4274,328.0,Bad
383.36,599,36.94,70,259.9342105,150.0,38.896,0.99617889,52.52794,40.0,Moderate
1487.36,2324,169.3,370,799.8355263,370.0,97.24,2.602727956,336.1611,160.0,Bad
1349.76,2109,211.3,260,599.8026316,430.0,116.688,3.751176315,332.175,48.0,Poor
713.6,1115,60.44,220,419.9095395,180.0,53.482,1.282385944,44.20142,80.0,Poor
3233.92,5053,465.2,1360,1379.84375,280.0,92.378,5.444987846,76.35596,400.0,Bad
1459.2,2280,170.7,340,779.8355263,200.0,97.24,2.657689111,506.2347,152.0,Bad
